Model,Train MSE,Val MSE,Test MSE,Train DirAcc,Val DirAcc,Test DirAcc,normalized
OLS,0.9814598536855614,1.0179038564703642,1.0165898642771136,52.26278160948664,49.950208557436824,50.08035997835274,True
NN,0.7088909731024787,1.1385707793663824,1.1358732166128034,58.83782193774269,50.47498359566643,50.45604407787323,True
