Model,Train MSE,Val MSE,Test MSE,Train DirAcc,Val DirAcc,Test DirAcc,normalized,Train MSE Std,Val MSE Std,Test MSE Std,Train DirAcc Std,Val DirAcc Std,Test DirAcc Std
OLS,0.9814598536855614,1.0179038564703642,1.0165898642771136,52.26278160948664,49.950208557436824,50.08035997835274,True,0.016668396056053553,0.01986413520959448,0.015057277927613792,0.4846943523174653,0.9924323632221561,0.6056142971074513
NN,0.7088909731024787,1.1385707793663824,1.1358732166128034,58.83782193774269,50.47498359566643,50.45604407787323,True,0.17917995458696745,0.10119542887068281,0.0910109557379822,4.093795364048103,0.6812603419102679,0.7412291080780683
