trial,fold,tr_loss,val_loss,test_loss,tr_mae,val_mae,test_mae,tr_directional_accuracy_pct,val_directional_accuracy_pct,test_directional_accuracy_pct,tr_undershooting_pct,val_undershooting_pct,test_undershooting_pct,seconds,model_path
0,0,0.12103271044034465,0.12313161820139563,0.09949467431944649,0.26920386765620646,0.2761814406445644,0.24807338371463875,85.17603752300658,82.1611147757256,79.80624170012241,-0.000961016134755962,-0.0011934284052527158,-0.00031783363323575995,52.70122408866882,/orcd/home/002/corte911/code/finNN_code/src/volatility/experiments/exp_223_mlp_100_adam_snr/trial_20260218_214134/fold_000/model_best.pt
