trial,fold,tr_loss,val_loss,test_loss,tr_mae,val_mae,test_mae,tr_directional_accuracy_pct,val_directional_accuracy_pct,test_directional_accuracy_pct,tr_undershooting_pct,val_undershooting_pct,test_undershooting_pct,seconds,model_path
0,0,0.4334552907106089,0.4244842254013484,0.37996799178726026,0.5135318992473309,0.5073405752882498,0.4833535507594293,78.16113029098611,77.79951177869182,73.27437388787082,-0.0006847394975995737,-0.0012029366523536465,-0.000762880102507693,777.6737577915192,/orcd/home/002/corte911/code/finNN_code/src/volatility/experiments/exp_212_transformer_100_muon_seeds/trial_20260126_023657/fold_000/model_best.pt
