trial,fold,tr_loss,val_loss,test_loss,tr_mae,val_mae,test_mae,tr_directional_accuracy_pct,val_directional_accuracy_pct,test_directional_accuracy_pct,tr_undershooting_pct,val_undershooting_pct,test_undershooting_pct,seconds,model_path
11,0,0.4924687184306383,0.4911409446486144,0.42561701897376647,0.5437751328356186,0.5441627488715505,0.5108760290134308,76.81290434883519,75.53513852926858,70.92219300808257,0.00018384518264088335,-0.000540952984212644,9.564684012060316e-05,154.1473798751831,/orcd/home/002/corte911/code/finNN_code/src/volatility/experiments/exp_168_cnn_100_muon_icml_2/trial_000_011/fold_000/model_best.pt
