trial,fold,tr_loss,val_loss,test_loss,tr_mae,val_mae,test_mae,tr_directional_accuracy_pct,val_directional_accuracy_pct,test_directional_accuracy_pct,tr_undershooting_pct,val_undershooting_pct,test_undershooting_pct,seconds,model_path
12,0,0.4326098925027258,0.42411126332350335,0.37943291180617733,0.5120662806984401,0.5049880308499332,0.48205029815159706,78.24305898053323,77.82561609719272,73.31120140936092,1.2972160939078249e-05,-0.0003794934637256092,-7.987936845403772e-05,354.47196531295776,/orcd/home/002/corte911/code/finNN_code/src/volatility/experiments/exp_021_mlp_100_search/trial_000_012/fold_000/model_best.pt
