Model,Train MSE,Val MSE,Test MSE,Train DirAcc,Val DirAcc,Test DirAcc,normalized
OLS,0.5220471394435232,0.5143164796300391,0.46745433172342565,75.82129503152724,76.13641339363346,72.68649633360378,False
NN,0.5207249184140337,0.5141140635462365,0.4687143472877841,75.8630505648616,76.26443647949024,72.671570503498,False
