trial,fold,tr_loss,val_loss,test_loss,tr_mae,val_mae,test_mae,tr_directional_accuracy_pct,val_directional_accuracy_pct,test_directional_accuracy_pct,tr_undershooting_pct,val_undershooting_pct,test_undershooting_pct,seconds,model_path
1,0,0.45644348305145094,0.4524957231358235,0.39737163286889204,0.5253224235029347,0.5190076252524308,0.4926894503066378,78.0935333197946,77.5236526291282,73.07111429810816,0.0005192809532522108,0.0010183379064056964,0.000248715570515665,481.0136022567749,/orcd/home/002/corte911/code/finNN_code/src/volatility/experiments/exp_026_lstm_100_debug/trial_000_001/fold_000/model_best.pt
1,0,1.0000298331540483,0.8816778321164206,0.6598496721686397,0.79396533247039,0.7569739432077842,0.6458786778416283,52.2917984275726,67.06305251201151,52.6727396666047,-0.0005283352669455225,-0.0042254401167178554,-0.0005892018073457356,438.5191271305084,/orcd/home/002/corte911/code/finNN_code/src/volatility/experiments/exp_026_lstm_100_muon/trial_000_001/fold_000/model_best.pt
