trial,fold,tr_loss,val_loss,test_loss,tr_mae,val_mae,test_mae,tr_directional_accuracy_pct,val_directional_accuracy_pct,test_directional_accuracy_pct,tr_undershooting_pct,val_undershooting_pct,test_undershooting_pct,seconds,model_path
7,0,0.4345364610039848,0.42687896337850556,0.3797288015444839,0.5136851719485489,0.5081772894723366,0.4827657489041931,78.21248077983115,77.8175025927938,73.30889968926779,-0.000519923673202739,-0.0010273144843284158,-0.00048681725408239435,1268.4484701156616,/orcd/home/002/corte911/code/finNN_code/src/volatility/experiments/exp_019_lstm_100_search/trial_000_007/fold_000/model_best.pt
