trial,fold,tr_loss,val_loss,test_loss,tr_mae,val_mae,test_mae,tr_directional_accuracy_pct,val_directional_accuracy_pct,test_directional_accuracy_pct,tr_undershooting_pct,val_undershooting_pct,test_undershooting_pct,seconds,model_path
7,0,1.000182507653928,0.8763413546140681,0.6596535166983727,0.7936567779313477,0.7542916959319401,0.6455237794728065,52.2917984275726,67.06305251201151,52.6727396666047,-0.0004504329421099755,-0.004144492987642299,-0.0004890390403809427,150.1744885444641,/orcd/home/002/corte911/code/finNN_code/src/volatility/experiments/exp_219_lstm_100_sgd_v3/trial_000_007/fold_000/model_best.pt
