trial,fold,tr_loss,val_loss,test_loss,tr_mae,val_mae,test_mae,tr_directional_accuracy_pct,val_directional_accuracy_pct,test_directional_accuracy_pct,tr_undershooting_pct,val_undershooting_pct,test_undershooting_pct,seconds,model_path
0,0,0.11467823848175013,0.11394632750804816,0.09193941204018549,0.2649553543248668,0.26867300819411777,0.24067204536997916,85.23757391406957,82.65862705816065,79.77099163275624,-0.0008677902759466426,-0.0011393336290821871,-0.00029575486570443225,345.47567796707153,/orcd/home/002/corte911/code/finNN_code/src/volatility/experiments/exp_225_mlp_100_muon_snr/trial_20260218_225043/fold_000/model_best.pt
