Model,Train MSE,Val MSE,Test MSE,Train DirAcc,Val DirAcc,Test DirAcc,Train US,Val US,Test US,Alpha Train,Beta Train,Calib R2 Train,Alpha,Beta,Calib R2 Test,normalized
OLS,0.18779726978976494,,0.2615912673744133,86.27247985901187,,81.79647321677287,46.875629367781926,,47.98484624354745,-1.0061396160665481e-16,0.9999999999999988,0.812202730210235,0.002975250952711757,0.9399000813755616,0.7414517446920693,True
LASSO,0.2014101278520558,,0.2691287155498455,86.09848785932786,,81.42877177343905,46.31313000781696,,48.81861022686449,-0.0037185818878172835,1.140159157565464,0.8108430516826283,0.0013872252992634306,1.063546324704321,0.73361690708614,True
NN,0.18387678850861738,,0.2639088141978633,86.41214159866854,,81.96437868253764,46.02824736707875,,48.531595620625865,-0.0030664172446666776,0.9854603124775099,0.8163278193210148,0.007826580053627146,0.9173993310742243,0.7421162065735332,True
