trial,fold,tr_loss,val_loss,test_loss,tr_mae,val_mae,test_mae,tr_directional_accuracy_pct,val_directional_accuracy_pct,test_directional_accuracy_pct,tr_undershooting_pct,val_undershooting_pct,test_undershooting_pct,seconds,model_path
3,0,0.6202104704357002,0.6491751757885861,0.515821276576622,0.6245711513991739,0.6494761027152295,0.5749619274713337,72.5961878789637,69.51209617677563,65.01898919076834,-0.0038070498836988457,-0.0052266705409504495,-0.004217746101402831,150.73058080673218,/orcd/home/002/corte911/code/finNN_code/src/volatility/experiments/exp_221_lstm_100_sgd_v5/trial_000_003/fold_000/model_best.pt
3,0,0.6202104704357002,0.6491751757885861,0.515821276576622,0.6245711513991739,0.6494761027152295,0.5749619274713337,72.5961878789637,69.51209617677563,65.01898919076834,-0.0038070498836988457,-0.0052266705409504495,-0.004217746101402831,151.38671922683716,/orcd/home/002/corte911/code/finNN_code/src/volatility/experiments/exp_221_lstm_100_sgd_v5/trial_000_003/fold_000/model_best.pt
