trial,fold,tr_loss,val_loss,test_loss,tr_mae,val_mae,test_mae,tr_directional_accuracy_pct,val_directional_accuracy_pct,test_directional_accuracy_pct,tr_undershooting_pct,val_undershooting_pct,test_undershooting_pct,seconds,model_path
14,0,1.0001535064680165,0.9621728761372772,1.1875638760132847,0.7495298644905373,0.722440195650623,0.8267874619342087,49.87205943045811,51.114459084123986,50.74443539630836,-0.000184004663365919,0.00014296915364637972,4.636120995613832e-05,13.37717080116272,/orcd/home/002/corte911/code/finNN_code/src/price_prediction/experiments/exp_024_mlp_100_lr/trial_000_014/fold_000/model_best.pt
