trial,fold,tr_loss,val_loss,test_loss,tr_mae,val_mae,test_mae,tr_directional_accuracy_pct,val_directional_accuracy_pct,test_directional_accuracy_pct,tr_undershooting_pct,val_undershooting_pct,test_undershooting_pct,seconds,model_path
18,0,0.5505665672000061,0.5379554140134556,0.4423523148438591,0.5762841355610068,0.5755173596215607,0.5227731350880076,75.89242507760596,74.51530630242911,70.14970033374941,-0.00044159240208592346,-0.0016305227283666473,-0.0005367454603581003,151.38182520866394,/orcd/home/002/corte911/code/finNN_code/src/volatility/experiments/exp_221_lstm_100_sgd_v5/trial_000_018/fold_000/model_best.pt
