trial,fold,tr_loss,val_loss,test_loss,tr_mae,val_mae,test_mae,tr_directional_accuracy_pct,val_directional_accuracy_pct,test_directional_accuracy_pct,tr_undershooting_pct,val_undershooting_pct,test_undershooting_pct,seconds,model_path
21,0,0.4330741930765335,0.4248127388869553,0.38002346653147384,0.5130323581628601,0.5069261413280969,0.4832353152782481,78.20714264991732,77.81009461051651,73.27171805699413,-0.0006540411584332813,-0.0010305712426065122,-0.0006944181145085477,1026.6520800590515,/orcd/home/002/corte911/code/finNN_code/src/volatility/experiments/exp_019_lstm_100_search/trial_000_021/fold_000/model_best.pt
