trial,fold,tr_loss,val_loss,test_loss,tr_mae,val_mae,test_mae,tr_directional_accuracy_pct,val_directional_accuracy_pct,test_directional_accuracy_pct,seconds,model_path
0,0,1.00000653139665,1.5531654357910156,1.01803905660688,0.767350038954408,0.9660964396716608,0.7725851812196703,49.32231171898408,47.67293592604399,50.36479250334672,115.53174948692322,/orcd/home/002/corte911/code/finNN_code/src/price_prediction/experiments/exp_018_debug/trial_20251107_130139/fold_000/model_best.pt
0,1,1.0000430119461894,1.011648898177762,0.9727597986335319,0.7659274625377088,0.7692319591290913,0.7541888529681118,49.49774440859107,50.306949870325994,51.28808225926927,126.54050183296204,/orcd/home/002/corte911/code/finNN_code/src/price_prediction/experiments/exp_018_debug/trial_20251107_130139/fold_001/model_best.pt
0,2,1.000180304918638,0.9598587485354847,1.103045212960747,0.762331427348659,0.7486609840275388,0.796836400207635,50.08223337409859,52.01119588280439,50.56205394805846,124.49263191223145,/orcd/home/002/corte911/code/finNN_code/src/price_prediction/experiments/exp_018_debug/trial_20251107_130139/fold_002/model_best.pt
0,3,1.0000403063241234,1.107938477532086,0.8640216220544072,0.7623464315808876,0.7985089479972478,0.6958163852409395,50.421685675141894,49.52738424919323,51.242651530508816,113.68635177612305,/orcd/home/002/corte911/code/finNN_code/src/price_prediction/experiments/exp_018_debug/trial_20251107_130139/fold_003/model_best.pt
0,4,1.0000366233170148,0.8752499960533893,1.086334228515625,0.7696979456398334,0.7148326366512103,0.805261719491646,50.223360785891224,51.411505815781204,53.692804252895385,49.778002977371216,/orcd/home/002/corte911/code/finNN_code/src/price_prediction/experiments/exp_018_debug/trial_20251107_130139/fold_004/model_best.pt
0,5,1.0000069414136263,1.139863133430481,1.2601113319396973,0.7677971278608463,0.824522233298581,0.887978986487075,50.25662511783806,53.29289428076257,48.717948717948715,29.91971755027771,/orcd/home/002/corte911/code/finNN_code/src/price_prediction/experiments/exp_018_debug/trial_20251107_130139/fold_005/model_best.pt
