trial,fold,tr_loss,val_loss,test_loss,tr_mae,val_mae,test_mae,tr_directional_accuracy_pct,val_directional_accuracy_pct,test_directional_accuracy_pct,tr_undershooting_pct,val_undershooting_pct,test_undershooting_pct,seconds,model_path
9,0,0.6080741537065149,0.5943024104886211,0.5074241339530864,0.6025733370984163,0.5977683909412586,0.5554989017205635,73.87844149815777,73.21608731541778,67.98590639081436,0.0023397164738497467,0.0015602035642697147,0.0030282894683767107,151.58514261245728,/orcd/home/002/corte911/code/finNN_code/src/volatility/experiments/exp_220_lstm_100_sgd_v4/trial_000_009/fold_000/model_best.pt
