trial,fold,tr_loss,val_loss,test_loss,tr_mae,val_mae,test_mae,tr_directional_accuracy_pct,val_directional_accuracy_pct,test_directional_accuracy_pct,seconds,model_path
-1,0,0.00113389000762254,0.0004479659255594015,0.00029408757109194994,0.022242583334445953,0.014301626943051815,0.011707535944879055,49.178946018218994,49.14626479148865,49.209460616111755,1.202284336090088,/orcd/home/002/corte911/code/finNN_code/src/price_prediction/experiments/exp_007_mlp_optuna_search/trial_search_best/fold_000/model_best.pt
-1,0,0.0011374735040590167,nan,0.00029571822960861027,0.022357480600476265,nan,0.011785993352532387,48.295727372169495,nan,50.95115900039673,7.4029176235198975,/orcd/home/002/corte911/code/finNN_code/src/price_prediction/experiments/exp_007_mlp_optuna_search/trial_search_best/fold_000/model_best.pt
-1,0,0.0011363766388967633,nan,0.0002949294575955719,0.022328494116663933,nan,0.011755279265344143,48.295727372169495,nan,50.95115900039673,11.39222502708435,/orcd/home/002/corte911/code/finNN_code/src/price_prediction/experiments/exp_007_mlp_optuna_search/trial_search_best/fold_000/model_best.pt
-1,0,0.0009700633236207068,nan,0.00029489511507563293,0.02039323002099991,nan,0.011753905564546585,49.24113750457764,nan,50.95115900039673,28.873274326324463,/orcd/home/002/corte911/code/finNN_code/src/price_prediction/experiments/exp_007_mlp_optuna_search/trial_search_best/fold_000/model_best.pt
-1,1,0.0007284635794349015,nan,0.0002869756135623902,0.017327625304460526,nan,0.011208119802176952,49.86855685710907,nan,50.17058253288269,29.89460515975952,/orcd/home/002/corte911/code/finNN_code/src/price_prediction/experiments/exp_007_mlp_optuna_search/trial_search_best/fold_001/model_best.pt
-1,2,0.0005575069226324558,nan,0.0002647187211550772,0.01499089878052473,nan,0.010960821062326431,50.1031756401062,nan,50.297611951828,42.641562700271606,/orcd/home/002/corte911/code/finNN_code/src/price_prediction/experiments/exp_007_mlp_optuna_search/trial_search_best/fold_002/model_best.pt
