trial,fold,tr_loss,val_loss,test_loss,tr_mae,val_mae,test_mae,tr_directional_accuracy_pct,val_directional_accuracy_pct,test_directional_accuracy_pct,tr_undershooting_pct,val_undershooting_pct,test_undershooting_pct,seconds,model_path
13,0,0.43114593307904653,0.4269715573003345,0.3837645285534837,0.5107371673499875,0.506430287040504,0.48397255257576866,78.22333110911254,77.8023338671784,73.06066802999318,0.00039091287890033667,-0.00013337454433749455,0.0005233627219362191,757.6036710739136,/orcd/home/002/corte911/code/finNN_code/src/volatility/experiments/exp_026_lstm_100_debug/trial_000_013/fold_000/model_best.pt
13,0,0.44764548127629566,0.4341485417698531,0.38973129588980443,0.5212982355692343,0.510173642773866,0.4888897668173574,78.16820911543707,77.74853780540289,73.30305686133907,-0.0004938824473039099,-6.697912104966348e-05,-0.0003982290602750642,478.8810524940491,/orcd/home/002/corte911/code/finNN_code/src/volatility/experiments/exp_026_lstm_100_muon/trial_000_013/fold_000/model_best.pt
