trial,fold,tr_loss,val_loss,test_loss,tr_mae,val_mae,test_mae,tr_directional_accuracy_pct,val_directional_accuracy_pct,test_directional_accuracy_pct,tr_undershooting_pct,val_undershooting_pct,test_undershooting_pct,seconds,model_path
0,0,0.43056408271067703,0.4235455012035348,0.3787058775980737,0.5112933706056529,0.5057322985550383,0.4823568149242756,78.2803098436276,77.82614523878397,73.33067750245664,-0.00041185588880108046,-0.0007103400856181001,-0.00042514940384668845,176.3550510406494,/orcd/home/002/corte911/code/finNN_code/src/volatility/experiments/exp_206_cnn_100_adam_seeds/trial_20260126_021239/fold_000/model_best.pt
