trial,fold,tr_loss,val_loss,test_loss,tr_mae,val_mae,test_mae,tr_directional_accuracy_pct,val_directional_accuracy_pct,test_directional_accuracy_pct,tr_undershooting_pct,val_undershooting_pct,test_undershooting_pct,seconds,model_path
38,0,0.42641111835552475,0.4236788524945797,0.37973832358882037,0.5087402120638518,0.5059580667105064,0.48307934270537317,78.35138820389335,77.80868356627322,73.2633964535805,-0.00038102463623981375,-0.0007777156345995943,-0.0004107132507883469,263.2174792289734,/orcd/home/002/corte911/code/finNN_code/src/volatility/experiments/exp_169_cnn_100_muon_icml_3/trial_000_038/fold_000/model_best.pt
