trial,fold,tr_loss,val_loss,test_loss,tr_mae,val_mae,test_mae,tr_directional_accuracy_pct,val_directional_accuracy_pct,test_directional_accuracy_pct,tr_undershooting_pct,val_undershooting_pct,test_undershooting_pct,seconds,model_path
12,0,0.4550264283815236,0.4401848780190348,0.3966877890716055,0.5257516924741253,0.5139729315035305,0.49370148872461467,78.13855928515477,77.61149013327312,73.13520834993227,-0.0007560442925716885,-0.00037682767827375643,-0.0006978047598613379,1840.8799505233765,/orcd/home/002/corte911/code/finNN_code/src/volatility/experiments/exp_045_lstm_100_sgd_test/trial_000_012/fold_000/model_best.pt
