trial,fold,tr_loss,val_loss,test_loss,tr_mae,val_mae,test_mae,tr_directional_accuracy_pct,val_directional_accuracy_pct,test_directional_accuracy_pct,tr_undershooting_pct,val_undershooting_pct,test_undershooting_pct,seconds,model_path
2,0,0.4339197552035014,0.42634800889252356,0.37925123517915504,0.5135002022594124,0.5082116817379926,0.48261603983870804,78.21979169688706,77.84572347765965,73.34006143822094,-0.0005899090680307167,-0.001095410895472575,-0.0005335956124619699,1829.2994513511658,/orcd/home/002/corte911/code/finNN_code/src/volatility/experiments/exp_019_lstm_100_search/trial_000_002/fold_000/model_best.pt
