trial,fold,tr_loss,val_loss,test_loss,tr_mae,val_mae,test_mae,tr_directional_accuracy_pct,val_directional_accuracy_pct,test_directional_accuracy_pct,seconds,model_path
0,0,0.0011768304975703359,0.0005006702267564833,0.0003320388204883784,0.024064330384135246,0.016301169991493225,0.013357812538743019,50.052011013031006,50.421881675720215,50.691550970077515,43.63463568687439,/orcd/home/002/corte911/code/finNN_code/src/price_prediction/experiments/exp_008_MLP_linreg/trial_20251019_192356/fold_000/model_best.pt
0,1,0.0008999939891509712,0.00032918687793426216,0.0003070503589697182,0.02066091075539589,0.013292866759002209,0.012787104584276676,50.23189187049866,50.691550970077515,50.024741888046265,43.71383261680603,/orcd/home/002/corte911/code/finNN_code/src/price_prediction/experiments/exp_008_MLP_linreg/trial_20251019_192356/fold_001/model_best.pt
