trial,fold,tr_loss,val_loss,test_loss,tr_mae,val_mae,test_mae,tr_directional_accuracy_pct,val_directional_accuracy_pct,test_directional_accuracy_pct,tr_undershooting_pct,val_undershooting_pct,test_undershooting_pct,seconds,model_path
0,0,0.13398701720149042,0.13480754188967645,0.10898504179477068,0.2832905084814238,0.2894873876699866,0.2599067533227137,84.28856036467508,81.1469327176781,78.7555804965609,-0.0008711436059582573,-0.0011514506269439298,-0.00022459942516334463,54.73794221878052,/orcd/home/002/corte911/code/finNN_code/src/volatility/experiments/exp_223_mlp_100_adam_snr/trial_20260218_214417/fold_000/model_best.pt
