trial,fold,tr_loss,val_loss,test_loss,tr_mae,val_mae,test_mae,tr_directional_accuracy_pct,val_directional_accuracy_pct,test_directional_accuracy_pct,tr_undershooting_pct,val_undershooting_pct,test_undershooting_pct,seconds,model_path
0,0,0.10152007500126616,0.10860128819256089,0.08978979095256778,0.24111886019807646,0.2510984257411894,0.23006824598568312,87.07274432968168,84.54344538792603,82.001814484352,-0.0013425720816364435,-0.0014987119100605142,-0.0008850505477503726,833.384970664978,/orcd/home/002/corte911/code/finNN_code/src/volatility/experiments/exp_231_transformer_100_muon_snr/trial_20260219_032424/fold_000/model_best.pt
