trial,fold,tr_loss,val_loss,test_loss,tr_mae,val_mae,test_mae,tr_directional_accuracy_pct,val_directional_accuracy_pct,test_directional_accuracy_pct,tr_undershooting_pct,val_undershooting_pct,test_undershooting_pct,seconds,model_path
42,0,0.43098194052813454,0.42862879103324225,0.38248101754997726,0.5109889211054,0.5084805444885576,0.4842883051040643,78.26307696771012,77.64218034556474,73.168317708195,-0.00014756356093814969,-0.0006461535064532501,-0.0001549617559249879,216.016108751297,/orcd/home/002/corte911/code/finNN_code/src/volatility/experiments/exp_168_cnn_100_muon_icml_2/trial_000_042/fold_000/model_best.pt
