trial,fold,tr_loss,val_loss,test_loss,tr_mae,val_mae,test_mae,tr_directional_accuracy_pct,val_directional_accuracy_pct,test_directional_accuracy_pct,tr_undershooting_pct,val_undershooting_pct,test_undershooting_pct,seconds,model_path
13,0,0.44290664689797965,0.4340448061634134,0.38867225456374355,0.5182156444581544,0.5104456668956812,0.4881477045875052,78.17685456497142,77.66405153133576,73.11396170291876,-0.00042382809791342494,-0.0003719274282769996,-0.00044144724796783727,1841.021473646164,/orcd/home/002/corte911/code/finNN_code/src/volatility/experiments/exp_045_lstm_100_sgd_test/trial_000_013/fold_000/model_best.pt
