trial,fold,tr_loss,val_loss,test_loss,tr_mae,val_mae,test_mae,tr_directional_accuracy_pct,val_directional_accuracy_pct,test_directional_accuracy_pct,tr_undershooting_pct,val_undershooting_pct,test_undershooting_pct,seconds,model_path
0,0,1.0000014524365215,0.8845542032707102,0.6600058692053282,0.7941492345533758,0.7584150552502366,0.6460923252573942,52.2917984275726,67.06305251201151,52.6727396666047,-0.0005691340159918891,-0.004268449940072977,-0.000639982509463602,221.9077606201172,/orcd/home/002/corte911/code/finNN_code/src/volatility/experiments/exp_177_transformer_100_adam/trial_000_000/fold_000/model_best.pt
0,0,1.0000496969130612,0.8806154478766938,0.6598007495865378,0.7939004573176259,0.7564408399444799,0.6458035978831368,52.2917984275726,67.06305251201151,52.6727396666047,-0.0005127387118888048,-0.004209636490091627,-0.0005693863986142323,571.023374080658,/orcd/home/002/corte911/code/finNN_code/src/volatility/experiments/exp_177_transformer_100_adam/trial_000_000/fold_000/model_best.pt
0,0,1.0010073173927672,0.8647298378994827,0.6596880392886043,0.7931488662706889,0.748410050736893,0.6449587462666211,52.2917984275726,67.06305251201151,52.6727396666047,-0.000271722183702315,-0.003960457060441845,-0.0002702836581035231,581.8487012386322,/orcd/home/002/corte911/code/finNN_code/src/volatility/experiments/exp_177_transformer_100_adam/trial_000_000/fold_000/model_best.pt
0,0,1.000038000718293,0.8812075218953751,0.6598274219081376,0.7939363968235045,0.7567380170236976,0.6458451488413385,52.2917984275726,67.06305251201151,52.6727396666047,-0.0005215640105267114,-0.0042181626973722625,-0.0005795140302890744,538.7796969413757,/orcd/home/002/corte911/code/finNN_code/src/volatility/experiments/exp_177_transformer_100_adam/trial_000_000/fold_000/model_best.pt
0,0,1.0001987812314264,0.8759551579636057,0.6596442177735147,0.793636172063122,0.754097093647782,0.6455003784213188,52.2917984275726,67.06305251201151,52.6727396666047,-0.000444542065091169,-0.004138559247462063,-0.000482377112304885,620.4279928207397,/orcd/home/002/corte911/code/finNN_code/src/volatility/experiments/exp_177_transformer_100_adam/trial_000_000/fold_000/model_best.pt
