trial,fold,tr_loss,val_loss,test_loss,tr_mae,val_mae,test_mae,tr_directional_accuracy_pct,val_directional_accuracy_pct,test_directional_accuracy_pct,tr_undershooting_pct,val_undershooting_pct,test_undershooting_pct,seconds,model_path
0,0,0.1067523677460113,0.10867015460080758,0.09118372242579698,0.2550007025830498,0.26073214503758846,0.23916720842176967,85.59098445440704,81.84256664036168,79.86844203323145,-0.0010934201686816675,-0.0012559346964951357,-0.0004336309703541453,116.26625680923462,/orcd/home/002/corte911/code/finNN_code/src/volatility/experiments/exp_226_cnn_100_sgd_snr/trial_20260218_234010/fold_000/model_best.pt
