trial,fold,tr_loss,val_loss,test_loss,tr_mae,val_mae,test_mae,tr_directional_accuracy_pct,val_directional_accuracy_pct,test_directional_accuracy_pct,tr_undershooting_pct,val_undershooting_pct,test_undershooting_pct,seconds,model_path
0,0,0.10994748682561734,0.11386532719584222,0.09349294592715211,0.2524043034284864,0.260946259055527,0.23649697508041453,86.37151979397969,83.41079944638246,80.9535708930981,-0.0002798282969655643,-0.0009488655752893543,0.00034597933643210706,134.8571503162384,/orcd/home/002/corte911/code/finNN_code/src/volatility/experiments/exp_228_cnn_100_adam_snr/trial_20260219_004314/fold_000/model_best.pt
