trial,fold,tr_loss,val_loss,test_loss,tr_mae,val_mae,test_mae,tr_directional_accuracy_pct,val_directional_accuracy_pct,test_directional_accuracy_pct,tr_undershooting_pct,val_undershooting_pct,test_undershooting_pct,seconds,model_path
13,0,1.0000440733384262,0.961810514317573,1.1875137201996762,0.7494224131165427,0.7228130922116398,0.8270480310230897,50.165348038742195,49.07363332609309,49.25556460369164,6.934344489031715e-05,0.0003960881222064752,0.0002683903989114118,64.66209053993225,/orcd/home/002/corte911/code/finNN_code/src/price_prediction/experiments/exp_026_cnn_100_lr/trial_000_013/fold_000/model_best.pt
