trial,fold,tr_loss,val_loss,test_loss,tr_mae,val_mae,test_mae,tr_directional_accuracy_pct,val_directional_accuracy_pct,test_directional_accuracy_pct,tr_undershooting_pct,val_undershooting_pct,test_undershooting_pct,seconds,model_path
28,0,0.44874380112766454,0.4463409598111755,0.3936336484990158,0.5208416334582342,0.5189600858335182,0.49146685732281736,77.91354550465635,77.09522432075858,72.55251905558654,-0.00021269436331336743,-0.0008437259210237708,-0.000280445293906597,185.33485651016235,/orcd/home/002/corte911/code/finNN_code/src/volatility/experiments/exp_168_cnn_100_muon_icml_2/trial_000_028/fold_000/model_best.pt
