trial,fold,tr_loss,val_loss,test_loss,tr_mae,val_mae,test_mae,tr_directional_accuracy_pct,val_directional_accuracy_pct,test_directional_accuracy_pct,tr_undershooting_pct,val_undershooting_pct,test_undershooting_pct,seconds,model_path
0,0,0.08204277829520798,0.08190326036795946,0.07258693962830445,0.22879148374608793,0.2312909032259055,0.21606639559424903,87.74558296542304,85.03216035122362,82.79964597896225,-0.001330375689970208,-0.0023546664737050488,-0.0009113449234067906,810.9975414276123,/orcd/home/002/corte911/code/finNN_code/src/volatility/experiments/exp_230_lstm_100_sgd_snr/trial_20260219_012034/fold_000/model_best.pt
