trial,fold,tr_loss,val_loss,test_loss,tr_mae,val_mae,test_mae,tr_directional_accuracy_pct,val_directional_accuracy_pct,test_directional_accuracy_pct,tr_undershooting_pct,val_undershooting_pct,test_undershooting_pct,seconds,model_path
2,0,1.0011516332107135,0.9634136131983867,1.1885163111355355,0.7500980610036464,0.7224830443425979,0.8269132665909592,49.87205943045811,51.114459084123986,50.74443539630836,-0.00045315288150211383,-0.0001428385275453896,-0.00018858090932930978,36.623071908950806,/orcd/home/002/corte911/code/finNN_code/src/price_prediction/experiments/exp_026_cnn_100_lr/trial_000_002/fold_000/model_best.pt
