trial,fold,tr_loss,val_loss,test_loss,tr_mae,val_mae,test_mae,tr_directional_accuracy_pct,val_directional_accuracy_pct,test_directional_accuracy_pct,tr_undershooting_pct,val_undershooting_pct,test_undershooting_pct,seconds,model_path
0,0,1.0000045208601818,0.9618633466182783,1.1874446009968314,0.7494143339079006,0.722680061786602,0.8269326175851232,50.12794056954189,48.885540915876014,49.25556460369164,-3.097521587871973e-06,0.00032768410495467474,0.00020338634451715746,141.6960048675537,/orcd/home/002/corte911/code/finNN_code/src/price_prediction/experiments/exp_025_lstm_100_lr/trial_000_000/fold_000/model_best.pt
