trial,fold,tr_loss,val_loss,test_loss,tr_mae,val_mae,test_mae,tr_directional_accuracy_pct,val_directional_accuracy_pct,test_directional_accuracy_pct,tr_undershooting_pct,val_undershooting_pct,test_undershooting_pct,seconds,model_path
21,0,0.4360300137919965,0.4316969760871051,0.3843870935949451,0.514159094664318,0.5106966644429859,0.4856785098049956,78.16223273085961,77.60372938993503,73.06509441478767,-0.0003330044202177341,-0.0009102226905846169,-0.00028363286630736636,289.426096200943,/orcd/home/002/corte911/code/finNN_code/src/volatility/experiments/exp_168_cnn_100_muon_icml_2/trial_000_021/fold_000/model_best.pt
