trial,fold,tr_loss,val_loss,test_loss,tr_mae,val_mae,test_mae,tr_directional_accuracy_pct,val_directional_accuracy_pct,test_directional_accuracy_pct,tr_undershooting_pct,val_undershooting_pct,test_undershooting_pct,seconds,model_path
0,0,0.435446436164128,0.42881748709210254,0.3803439491363474,0.5145948204818097,0.510528422134362,0.48355735033355574,78.22756679915287,77.76952708852185,73.25560601634221,-0.0005796970505326932,-0.0013414197006632249,-0.0006290251857004373,10.438773393630981,/orcd/home/002/corte911/code/finNN_code/src/volatility/experiments/exp_193_mlp_100_sgd_mlp_100_adam_lr/trial_20260127_232926/fold_000/model_best.pt
