trial,fold,tr_loss,val_loss,test_loss,tr_mae,val_mae,test_mae,tr_directional_accuracy_pct,val_directional_accuracy_pct,test_directional_accuracy_pct,tr_undershooting_pct,val_undershooting_pct,test_undershooting_pct,seconds,model_path
5,0,0.4297124533498805,0.42582335389574905,0.3815582058019067,0.5099446743019996,0.505616114555186,0.4828617443953669,78.29203052017755,77.81732621226338,73.22904770757532,0.00024698958141954736,-0.0001687218009702687,0.0003581671857083732,443.16762590408325,/orcd/home/002/corte911/code/finNN_code/src/volatility/experiments/exp_026_lstm_100_debug/trial_000_005/fold_000/model_best.pt
5,0,0.46577471081569827,0.4545344874097859,0.4046639684494881,0.5312012200387486,0.5212053518524254,0.4981067090022707,77.92311932461052,77.3723181340351,72.88432085978098,0.0003571725205689796,0.0005426908835590713,-6.366505586898042e-05,518.8231549263,/orcd/home/002/corte911/code/finNN_code/src/volatility/experiments/exp_026_lstm_100_muon/trial_000_005/fold_000/model_best.pt
