trial,fold,tr_loss,val_loss,test_loss,tr_mae,val_mae,test_mae,tr_directional_accuracy_pct,val_directional_accuracy_pct,test_directional_accuracy_pct,tr_undershooting_pct,val_undershooting_pct,test_undershooting_pct,seconds,model_path
0,0,0.05688508503021081,0.060979528639626274,0.0534194234530939,0.18579684685675582,0.19251388721766285,0.18256762662152626,89.23571352781002,86.3933929147602,84.37537821954888,-0.0008111276967787286,-0.0009979518808120383,-0.00022001770573072785,124.62151670455933,/orcd/home/002/corte911/code/finNN_code/src/volatility/experiments/exp_226_cnn_100_sgd_snr/trial_20260218_232710/fold_000/model_best.pt
