trial,fold,tr_loss,val_loss,test_loss,tr_mae,val_mae,test_mae,tr_directional_accuracy_pct,val_directional_accuracy_pct,test_directional_accuracy_pct,tr_undershooting_pct,val_undershooting_pct,test_undershooting_pct,seconds,model_path
0,0,0.11884612023305717,0.11933985354708723,0.10011539767668763,0.269482415231895,0.27413117730761505,0.2508167096304813,84.75951232626672,80.8915055648638,78.89635775775122,-0.0011284395848144948,-0.0013803328994122744,-0.00046912398354046603,132.91959929466248,/orcd/home/002/corte911/code/finNN_code/src/volatility/experiments/exp_226_cnn_100_sgd_snr/trial_20260218_234522/fold_000/model_best.pt
