trial,fold,tr_loss,val_loss,test_loss,tr_mae,val_mae,test_mae,tr_directional_accuracy_pct,val_directional_accuracy_pct,test_directional_accuracy_pct,tr_undershooting_pct,val_undershooting_pct,test_undershooting_pct,seconds,model_path
12,0,0.44664405072339575,0.43293517236226364,0.382927165421885,0.5198801741890131,0.5104505856129874,0.4836998202714868,78.14099625750674,77.82455781401026,73.28535132216113,0.000171302676965184,-0.00045384016445669306,0.0001450788881470581,563.0859878063202,/orcd/home/002/corte911/code/finNN_code/src/volatility/experiments/exp_046_lstm_100_muon_test/trial_000_012/fold_000/model_best.pt
