trial,fold,tr_loss,val_loss,test_loss,tr_mae,val_mae,test_mae,tr_directional_accuracy_pct,val_directional_accuracy_pct,test_directional_accuracy_pct,tr_undershooting_pct,val_undershooting_pct,test_undershooting_pct,seconds,model_path
21,0,0.4375725201389186,0.42866188499594954,0.3839040149217401,0.5140438155820266,0.5057628934288303,0.483407531040715,78.12596826133627,77.81326946006392,73.19947945714817,0.0006822894283490453,0.0003407270004111464,0.0007054161348561476,1047.1951043605804,/orcd/home/002/corte911/code/finNN_code/src/volatility/experiments/exp_177_transformer_100_adam/trial_000_021/fold_000/model_best.pt
