trial,fold,tr_loss,val_loss,test_loss,tr_mae,val_mae,test_mae,tr_directional_accuracy_pct,val_directional_accuracy_pct,test_directional_accuracy_pct,tr_undershooting_pct,val_undershooting_pct,test_undershooting_pct,seconds,model_path
8,0,0.4274795802562479,0.42230432862425177,0.3807299444805019,0.5091422051959279,0.5046143721842502,0.4829872315397622,78.33792683280629,77.85313145993693,73.27154100160236,0.00014742649221631944,-0.00040080102351136066,0.0002019853039621301,711.162695646286,/orcd/home/002/corte911/code/finNN_code/src/volatility/experiments/exp_180_transformer_100_muon/trial_000_008/fold_000/model_best.pt
