Model,Train MSE,Val MSE,Test MSE,Train DirAcc,Val DirAcc,Test DirAcc,Train US,Val US,Test US,Alpha Train,Beta Train,Calib R2 Train,Alpha,Beta,Calib R2 Test,normalized
OLS,0.4339171035338839,0.5512821507583179,0.5758350017212431,78.17238678232616,77.73407460190914,73.2745509432626,48.994864951115495,47.425726158643705,48.20864207367275,-4.718447854656915e-16,0.9999999999999976,0.5660828964661162,-0.006743480592342067,0.9619882156680859,0.424885795261128,True
LASSO,0.4339778457965858,0.5512030934018292,0.5757354372088626,78.1751138704343,77.75259455760235,73.27437388787082,48.99231193246105,47.4133795215149,48.2013828026098,-4.718447854656915e-16,1.0017737857313371,0.5660239287923916,-0.006830053563531391,0.9638729861590551,0.4249211764589549,True
NN,,,,,,,51.85999013606429,,,0.0439264187527699,1.0268194385442961,0.5693781394698728,0.05573137658822426,1.011784536117299,0.42489590597052485,True
