Model,Train MSE,Val MSE,Test MSE,Train DirAcc,Val DirAcc,Test DirAcc,Train US,Val US,Test US,Alpha Train,Beta Train,Calib R2 Train,Alpha,Beta,Calib R2 Test,normalized
exp_194_transformer_100_muon_transformer_100_adam_lr,0.4416638723343162,,0.574458230973926,77.65487865470139,,72.98382598996096,48.56715359634929,,48.80638107631973,-0.0047149831593783,0.9897016357537232,0.5584192866011829,0.0051618872801614,0.9630735823167644,0.4261806882330521,True
exp_198_transformer_100_sgd_transformer_100_muon,0.4448541866179311,,0.5750444174018748,77.63274284122554,,73.08510167405873,49.73388997409193,,50.22565709682274,0.0139984728840412,1.0064732168865067,0.5553622308091746,0.0257163096829861,0.9718137634920514,0.4261996435470359,True
exp_199_transformer_100_sgd_transformer_100_adam_lr,0.4431779901761322,,0.5751593184124845,77.65627578691289,,73.06775024566436,50.28732897137014,,50.48415796882054,0.022144960406792,0.9899415174360728,0.5573799689322182,0.0301305224029693,0.9583646104396196,0.4268476870832826,True
OLS,0.4470898395055774,,0.5751626232888088,77.51398660324851,,72.99108526102391,48.72764915914471,,48.347807611611294,-2.1857515797307772e-16,1.000000000000001,0.5529101604944227,-0.0016089462437426,0.9638471531305496,0.4254601426981805,True
exp_196_transformer_100_adam_lr_transformer_100_muon,0.4430155256191469,,0.5758503513991793,77.63793842663702,,72.99267875954992,49.39670084692408,,49.982560043909736,0.0084402849586952,1.0048679890446175,0.5570680976743261,0.0214821380315737,0.9822503222010712,0.4249159111054298,True
LASSO,0.4520902588962938,,0.5771468257224658,77.46844882523011,,72.96098584442142,48.731927876542414,,48.885524836445086,-2.1857515797307772e-16,1.09422200147981,0.5520026770579524,0.0008428121084364,1.0504439436396016,0.4238525210921546,True
exp_197_transformer_100_adam_lr_transformer_100_sgd,0.4755293802133747,,0.6176727233450701,76.48150589895415,,71.89599766286882,39.42274863059213,,39.220956276171,-0.1479704463602612,0.9529529344013998,0.5499215312954004,-0.1275082815248885,0.9053196498323656,0.4187322791880544,True
exp_195_transformer_100_muon_transformer_100_sgd,0.5336394413711497,,0.7017608801719796,74.94273940951953,,70.01885639922449,32.728651601506456,,31.79419081259572,-0.2497411511100376,0.9154110824628988,0.5454479831433838,-0.2240778116098731,0.8578863023869252,0.4177149807535859,True
