Model,Train MSE,Val MSE,Test MSE,Train DirAcc,Val DirAcc,Test DirAcc,Train US,Val US,Test US,Alpha Train,Beta Train,Calib R2 Train,Alpha,Beta,Calib R2 Test,normalized
exp_179_transformer_100_adam_lr,0.4423575500110308,,0.5746653932263737,77.61034506546001,,72.99391814729238,48.23489809230328,,48.41296399578608,-0.0102188822371914,0.9756654523222794,0.5580993307642593,8.81837251461258e-05,0.947631839007562,0.4266548584981761,True
OLS,0.4470898395055774,,0.5751626232888088,77.51398660324851,,72.99108526102391,48.72764915914471,,48.347807611611294,-2.1857515797307772e-16,1.000000000000001,0.5529101604944227,-0.0016089462437426,0.9638471531305496,0.4254601426981805,True
exp_180_transformer_100_muon,0.4434473883238105,,0.5763360761291073,77.61484208476575,,72.97532733115555,49.05291900213325,,49.44891509308687,0.0027657843883143,1.0000896338495555,0.5565602643390669,0.0140060609502829,0.9684313304544598,0.4243389265019747,True
LASSO,0.4520902588962938,,0.5771468257224658,77.46844882523011,,72.96098584442142,48.731927876542414,,48.885524836445086,-2.1857515797307772e-16,1.09422200147981,0.5520026770579524,0.0008428121084364,1.0504439436396016,0.4238525210921546,True
exp_181_transformer_100_sgd,0.5459243239637945,,0.7200599834323962,74.4879292142965,,69.51991430519038,31.491141745175312,,30.42572968953337,-0.2728556215457055,0.9244394547301678,0.5448338362397616,-0.2461133355070325,0.8627941543301147,0.4181258681360786,True
