Model,Train MSE,Val MSE,Test MSE,Train DirAcc,Val DirAcc,Test DirAcc,Train US,Val US,Test US,Alpha Train,Beta Train,Calib R2 Train,Alpha,Beta,Calib R2 Test,normalized
OLS,0.4470898395055774,,0.5751626232888088,77.51398660324851,,72.99108526102391,48.72764915914471,,48.347807611611294,-2.1857515797307772e-16,1.000000000000001,0.5529101604944227,-0.0016089462437426,0.9638471531305496,0.4254601426981805,True
exp_185_lstm_100_adam_lr_lstm_100_sgd,0.4466567392227093,,0.575659324185709,77.59925532853127,,73.0604909746014,49.29846498830339,,49.4529873670978,0.0078731628423156,1.0123228985826644,0.5534857626903525,0.0144011638271769,0.9745192190766124,0.424882354341508,True
exp_184_lstm_100_adam_lr_lstm_100_muon_lr,0.4456958403105167,,0.5759352737784861,77.60611000844392,,73.01569596048124,48.61050835528723,,49.23697978912703,-0.002783267117774,1.0009969146306124,0.554312440643494,0.0112272731630413,0.9710312049980564,0.4245789376003415,True
exp_182_lstm_100_muon_lr_lstm_100_adam_lr,0.445009020722628,,0.5761412504775401,77.63916091732209,,73.02260112076063,48.34077451770559,,48.38675979780274,-0.0072728098646114,0.9999340953891313,0.5550438824243791,-0.0004286789573236,0.964704883784354,0.4244382095604789,True
LASSO,0.4520902588962938,,0.5771468257224658,77.46844882523011,,72.96098584442142,48.731927876542414,,48.885524836445086,-2.1857515797307772e-16,1.09422200147981,0.5520026770579524,0.0008428121084364,1.0504439436396016,0.4238525210921546,True
exp_183_lstm_100_muon_lr_lstm_100_sgd,0.4451255665552819,,0.5782851085701595,77.60130736646691,,72.95107074248179,48.18853076703432,,48.16437822572792,-0.0095855697142281,0.9895957097986204,0.5550296103463118,-0.0029093502599434,0.95310662613797,0.4227944972698547,True
exp_187_lstm_100_sgd_lstm_100_adam_lr,0.4807255819554974,,0.6238268001224454,77.2993958276393,,72.62581998778317,42.85214062484992,,42.33819350383767,-0.0866846874809975,0.88449711990973,0.5380545731213562,-0.0675233700394305,0.8045901466939045,0.4151195244777245,True
exp_186_lstm_100_sgd_lstm_100_muon_lr,0.5379023642717105,,0.6926740967258447,77.07908554203927,,72.26267937924379,45.87697552311686,,45.01420869519029,-0.0442780275309245,0.8435265321432457,0.4814185849214245,-0.0274862441444994,0.704579159189742,0.3805613719469451,True
