Model,Train MSE,Val MSE,Test MSE,Train DirAcc,Val DirAcc,Test DirAcc,Train US,Val US,Test US,Alpha Train,Beta Train,Calib R2 Train,Alpha,Beta,Calib R2 Test,normalized
exp_172_cnn_100_muon_icml_cnn_100_sgd,0.4441206934556651,,0.5747135650010077,77.60087076265081,,73.05270053736311,47.93049791172395,,48.211652015332994,-0.0141467305468883,0.9955506628621869,0.55609233673661,-0.0038538021001441,0.9661090556147476,0.4258672743951541,True
OLS,0.4470898395055774,,0.5751626232888088,77.51398660324851,,72.99108526102391,48.72764915914471,,48.347807611611294,-2.1857515797307772e-16,1.000000000000001,0.5529101604944227,-0.0016089462437426,0.9638471531305496,0.4254601426981805,True
exp_173_cnn_100_adam_lr_cnn_100_muon_icml,0.4445637736326239,,0.5751719981221536,77.6378511058738,,73.064032082437,49.05802726678152,,49.739462990996735,0.0042006517312126,1.0099344218466073,0.5555072776570208,0.0185103442872313,0.9832653509425184,0.4254112991671328,True
exp_174_cnn_100_adam_lr_cnn_100_sgd,0.4456334909153049,,0.5753034513803271,77.60942819744622,,73.04774298639329,48.67818194678149,,49.23166812737365,-0.0020232470490141,1.0150464341890946,0.5544923224353275,0.0103819782024253,0.9836154005468074,0.4249461637107303,True
LASSO,0.4520902588962938,,0.5771468257224658,77.46844882523011,,72.96098584442142,48.731927876542414,,48.885524836445086,-2.1857515797307772e-16,1.09422200147981,0.5520026770579524,0.0008428121084364,1.0504439436396016,0.4238525210921546,True
