trial,fold,tr_loss,val_loss,test_loss,tr_mae,val_mae,test_mae,tr_directional_accuracy_pct,val_directional_accuracy_pct,test_directional_accuracy_pct,tr_undershooting_pct,val_undershooting_pct,test_undershooting_pct,seconds,model_path
32,0,0.4269042418857596,0.4236757315117118,0.37979171856430355,0.5090632546126139,0.5059574063600587,0.4831125924630286,78.34059589776321,77.83320046000043,73.27313450012836,-0.0003908429542427956,-0.000775906235667817,-0.00042977103871762835,250.6894073486328,/orcd/home/002/corte911/code/finNN_code/src/volatility/experiments/exp_169_cnn_100_muon_icml_3/trial_000_032/fold_000/model_best.pt
