trial,fold,tr_loss,val_loss,test_loss,tr_mae,val_mae,test_mae,tr_directional_accuracy_pct,val_directional_accuracy_pct,test_directional_accuracy_pct,tr_undershooting_pct,val_undershooting_pct,test_undershooting_pct,seconds,model_path
0,0,1.0011024369554187,0.9633561891619794,1.1884686888105578,0.7500710582757439,0.7224735436603225,0.8269022557427389,49.87205943045811,51.114459084123986,50.74443539630836,-0.0004432975905412258,-0.00013175346515255842,-0.00018062255063157904,18.31151247024536,/orcd/home/002/corte911/code/finNN_code/src/price_prediction/experiments/exp_024_mlp_100_lr/trial_000_000/fold_000/model_best.pt
