trial,fold,tr_loss,val_loss,test_loss,tr_mae,val_mae,test_mae,tr_directional_accuracy_pct,val_directional_accuracy_pct,test_directional_accuracy_pct,tr_undershooting_pct,val_undershooting_pct,test_undershooting_pct,seconds,model_path
2,0,0.43274598488193733,0.42953797745734423,0.383383278368348,0.5116053427876316,0.5071350418034948,0.4839615134141591,78.20679451100989,77.6721650357347,73.10227604706132,0.0004236645720543101,0.00017743407958763577,0.00046823575612148054,960.4440217018127,/orcd/home/002/corte911/code/finNN_code/src/volatility/experiments/exp_026_lstm_100_debug/trial_000_002/fold_000/model_best.pt
2,0,0.4378193929471457,0.4303293314453545,0.38259860842939586,0.5144919627594496,0.5080833028933379,0.48310311636854963,78.07183266123184,77.66793190300481,73.09590205295727,0.0003526856978874978,-0.00010793710290018527,0.0004420281108210709,442.5345869064331,/orcd/home/002/corte911/code/finNN_code/src/volatility/experiments/exp_026_lstm_100_muon/trial_000_002/fold_000/model_best.pt
