trial,fold,tr_loss,val_loss,test_loss,tr_mae,val_mae,test_mae,tr_directional_accuracy_pct,val_directional_accuracy_pct,test_directional_accuracy_pct,tr_undershooting_pct,val_undershooting_pct,test_undershooting_pct,seconds,model_path
10,0,0.42385379752494007,0.42793872046757775,0.381870547749199,0.5068397196291867,0.5090271680343416,0.4841331758785267,78.47254054367693,77.78152096458984,73.18921024442497,-0.000363383521167419,-0.0008904031337853793,-0.0001946790275351773,481.33162808418274,/orcd/home/002/corte911/code/finNN_code/src/volatility/experiments/exp_026_lstm_100_debug/trial_000_010/fold_000/model_best.pt
10,0,0.4328402445821179,0.4266617001396108,0.38237521406661995,0.5117521770580993,0.5060209182072771,0.4830338611693457,78.22634831297688,77.83161303522672,73.19894829097284,0.00044168542572646107,-0.00014029153260175503,0.0005532013873325185,835.8620085716248,/orcd/home/002/corte911/code/finNN_code/src/volatility/experiments/exp_026_lstm_100_muon/trial_000_010/fold_000/model_best.pt
