trial,fold,tr_loss,val_loss,test_loss,tr_mae,val_mae,test_mae,tr_directional_accuracy_pct,val_directional_accuracy_pct,test_directional_accuracy_pct,tr_undershooting_pct,val_undershooting_pct,test_undershooting_pct,seconds,model_path
0,0,0.15582025456286677,0.1604448474547109,0.12423940131378604,0.3053181167148743,0.3157689005244894,0.2772988336769565,83.13769108140731,79.87172518328452,77.1692376292048,-0.0011788647638672947,-0.0015816472683809096,-0.000532488380552685,962.5537912845612,/orcd/home/002/corte911/code/finNN_code/src/volatility/experiments/exp_234_lstm_100_muon_snr/trial_20260219_173309/fold_000/model_best.pt
