trial,fold,tr_loss,val_loss,test_loss,tr_mae,val_mae,test_mae,tr_directional_accuracy_pct,val_directional_accuracy_pct,test_directional_accuracy_pct,tr_undershooting_pct,val_undershooting_pct,test_undershooting_pct,seconds,model_path
2,0,0.543769403296298,0.5298098332676426,0.4433187909147874,0.5703591079178483,0.5665994833542115,0.5211145980994764,75.83579448199832,74.59273735527978,70.04063421241335,0.00048662895508750986,-0.00045649627785759417,0.0004990409925234536,151.4910786151886,/orcd/home/002/corte911/code/finNN_code/src/volatility/experiments/exp_220_lstm_100_sgd_v4/trial_000_002/fold_000/model_best.pt
