trial,fold,tr_loss,val_loss,test_loss,tr_mae,val_mae,test_mae,tr_directional_accuracy_pct,val_directional_accuracy_pct,test_directional_accuracy_pct,tr_undershooting_pct,val_undershooting_pct,test_undershooting_pct,seconds,model_path
4,0,0.624877905159624,0.6077354680955347,0.506824173021642,0.618233011739262,0.6139788573898372,0.5621631594656302,74.31442745655517,72.40085650385568,68.97653130781966,-0.0015413989777000444,-0.001735395294488301,-0.0018348635498988916,150.41584420204163,/orcd/home/002/corte911/code/finNN_code/src/volatility/experiments/exp_218_lstm_100_sgd_v2/trial_000_004/fold_000/model_best.pt
