trial,fold,tr_loss,val_loss,test_loss,tr_mae,val_mae,test_mae,tr_directional_accuracy_pct,val_directional_accuracy_pct,test_directional_accuracy_pct,tr_undershooting_pct,val_undershooting_pct,test_undershooting_pct,seconds,model_path
6,0,0.4406188310334637,0.43421931350267085,0.3854492518560404,0.5158549755957119,0.5094925327338838,0.48432676148328707,78.06191070237024,77.67569264634292,73.12617852495153,0.0006887108937453593,0.00019972086094054836,0.0007650727969642161,591.9917647838593,/orcd/home/002/corte911/code/finNN_code/src/volatility/experiments/exp_019_lstm_100_search/trial_000_006/fold_000/model_best.pt
