trial,fold,tr_loss,val_loss,test_loss,tr_mae,val_mae,test_mae,tr_directional_accuracy_pct,val_directional_accuracy_pct,test_directional_accuracy_pct,tr_undershooting_pct,val_undershooting_pct,test_undershooting_pct,seconds,model_path
13,0,0.5739810947448619,0.5173036275951426,0.4745698900327425,0.5873163863328734,0.5571741020384519,0.537375140070872,74.9516957265949,74.73260711589612,68.72458148531769,0.002427525694492215,0.000639924201011651,0.0025769439691828554,151.33323621749878,/orcd/home/002/corte911/code/finNN_code/src/volatility/experiments/exp_221_lstm_100_sgd_v5/trial_000_013/fold_000/model_best.pt
