trial,fold,tr_loss,val_loss,test_loss,tr_mae,val_mae,test_mae,tr_directional_accuracy_pct,val_directional_accuracy_pct,test_directional_accuracy_pct,tr_undershooting_pct,val_undershooting_pct,test_undershooting_pct,seconds,model_path
9,0,0.46596839082192987,0.4609008979604427,0.39891663789121223,0.5310302864700437,0.5281684951976542,0.4938046943816451,77.818851721837,77.20687319650908,72.45708619941749,3.598659349596633e-05,-0.0010337641548352292,0.00019797073254933822,1328.7967329025269,/orcd/home/002/corte911/code/finNN_code/src/volatility/experiments/exp_045_lstm_100_sgd_test/trial_000_009/fold_000/model_best.pt
