trial,fold,tr_loss,val_loss,test_loss,tr_mae,val_mae,test_mae,tr_directional_accuracy_pct,val_directional_accuracy_pct,test_directional_accuracy_pct,tr_undershooting_pct,val_undershooting_pct,test_undershooting_pct,seconds,model_path
52,0,0.4272858906851905,0.4235304039368821,0.379974635480987,0.5090857759106235,0.5054714370902046,0.482997694493273,78.33752067074762,77.83955015909524,73.2942040917501,-0.00029072845160949044,-0.0006592705737442776,-0.00031072085833084944,166.4702911376953,/orcd/home/002/corte911/code/finNN_code/src/volatility/experiments/exp_169_cnn_100_muon_icml_3/trial_000_052/fold_000/model_best.pt
