trial,fold,tr_loss,val_loss,test_loss,tr_mae,val_mae,test_mae,tr_directional_accuracy_pct,val_directional_accuracy_pct,test_directional_accuracy_pct,tr_undershooting_pct,val_undershooting_pct,test_undershooting_pct,seconds,model_path
14,0,0.4746840469735303,0.47032365912811264,0.41663075405225924,0.5348095809368563,0.5283624530641763,0.5044789429267478,77.66572862572167,76.81036976414396,72.28180136155596,0.0003099705165911843,0.0007433039333778644,0.0003892775186994549,778.2489864826202,/orcd/home/002/corte911/code/finNN_code/src/volatility/experiments/exp_045_lstm_100_sgd_test/trial_000_014/fold_000/model_best.pt
