trial,fold,tr_loss,val_loss,test_loss,tr_mae,val_mae,test_mae,tr_directional_accuracy_pct,val_directional_accuracy_pct,test_directional_accuracy_pct,seconds,model_path
0,0,1.7942871863851906e-06,4.3411219508016075e-07,2.616920653508714e-07,0.0004260350833646953,0.0002326309768250212,0.00018397727399133146,99.99279379844666,99.99271631240845,100.0,52.83920764923096,/orcd/home/002/corte911/code/finNN_code/src/volatility/experiments/exp_010_debug_mlp/trial_000_000/fold_000/model_best.pt
0,0,1.7019455071931588e-06,3.9443426658181124e-07,2.3245955560469156e-07,0.0004090925503987819,0.0002183523611165583,0.0001696544059086591,99.99279379844666,99.99271631240845,100.0,52.785584926605225,/orcd/home/002/corte911/code/finNN_code/src/volatility/experiments/exp_010_debug_mlp/trial_000_000/fold_000/model_best.pt
0,0,1.8341451095693628e-06,4.4304394464234065e-07,2.641381229295803e-07,0.0004365751228760928,0.00023012325982563198,0.00017749011749401689,99.99279379844666,99.99271631240845,100.0,50.77639102935791,/orcd/home/002/corte911/code/finNN_code/src/volatility/experiments/exp_010_debug_mlp/trial_000_000/fold_000/model_best.pt
