trial,fold,tr_loss,val_loss,test_loss,tr_mae,val_mae,test_mae,tr_directional_accuracy_pct,val_directional_accuracy_pct,test_directional_accuracy_pct,tr_undershooting_pct,val_undershooting_pct,test_undershooting_pct,seconds,model_path
11,0,0.4890712429659634,0.4857737154536206,0.4230677588443226,0.543238280286725,0.5425332799917729,0.5101940065435799,76.9153152107691,75.78736268775708,71.01125187014758,-0.00046320835705501246,-0.0011073524826669138,-0.0005268542020282204,151.61708974838257,/orcd/home/002/corte911/code/finNN_code/src/volatility/experiments/exp_220_lstm_100_sgd_v4/trial_000_011/fold_000/model_best.pt
