Model,Train MSE,Val MSE,Test MSE,Train DirAcc,Val DirAcc,Test DirAcc,Train US,Val US,Test US,Alpha Train,Beta Train,Calib R2 Train,Alpha,Beta,Calib R2 Test,normalized
OLS,0.4470898395055774,,0.575162623288809,77.51398660324851,,72.99108526102391,48.72764915914471,,48.347807611611294,-1.5959455978986625e-16,0.9999999999999992,0.5529101604944227,-0.0016089462437427534,0.9638471531305485,0.42546014269818055,True
LASSO,0.4520902588962938,,0.5771468257224658,77.46844882523011,,72.96098584442142,48.731927876542414,,48.885524836445086,-1.5959455978986625e-16,1.0942220014798103,0.5520026770579524,0.0008428121084364188,1.0504439436396018,0.42385252109215454,True
NN,0.44114210773738444,,0.5738456860578073,77.73329270007152,,73.03464088740162,48.56374808658377,,48.71962393434786,-0.004564051685154571,1.0304464543467295,0.5593658458278641,0.001414303452102631,0.9970225022201705,0.4261603186020776,True
