trial,fold,tr_loss,val_loss,test_loss,tr_mae,val_mae,test_mae,tr_directional_accuracy_pct,val_directional_accuracy_pct,test_directional_accuracy_pct,tr_undershooting_pct,val_undershooting_pct,test_undershooting_pct,seconds,model_path
4,0,0.5322446091712039,0.5221399294022975,0.43686773966524645,0.5660024490274549,0.5648129901570156,0.5191851814907676,76.09045809277902,74.75200897424139,70.29169875795642,-0.00036473135927568795,-0.001356111588111156,-0.0005577231343347468,150.76365661621094,/orcd/home/002/corte911/code/finNN_code/src/volatility/experiments/exp_221_lstm_100_sgd_v5/trial_000_004/fold_000/model_best.pt
4,0,0.5322446091712039,0.5221399294022975,0.43686773966524645,0.5660024490274549,0.5648129901570156,0.5191851814907676,76.09045809277902,74.75200897424139,70.29169875795642,-0.00036473135927568795,-0.001356111588111156,-0.0005577231343347468,151.3135986328125,/orcd/home/002/corte911/code/finNN_code/src/volatility/experiments/exp_221_lstm_100_sgd_v5/trial_000_004/fold_000/model_best.pt
