trial,fold,tr_loss,val_loss,test_loss,tr_mae,val_mae,test_mae,tr_directional_accuracy_pct,val_directional_accuracy_pct,test_directional_accuracy_pct,tr_undershooting_pct,val_undershooting_pct,test_undershooting_pct,seconds,model_path
10,0,0.4370616921586832,0.42828064401170995,0.3840748583660812,0.5138710218301907,0.5059603229258118,0.4835293776565225,78.11894746003655,77.81785535385463,73.18319036110447,0.0006253482996699822,0.00017959987257078322,0.0006844076728766767,1369.21382188797,/orcd/home/002/corte911/code/finNN_code/src/volatility/experiments/exp_019_lstm_100_search/trial_000_010/fold_000/model_best.pt
