trial,fold,tr_loss,val_loss,test_loss,tr_mae,val_mae,test_mae,tr_directional_accuracy_pct,val_directional_accuracy_pct,test_directional_accuracy_pct,tr_undershooting_pct,val_undershooting_pct,test_undershooting_pct,seconds,model_path
1,0,1.0003530594825938,0.8985471934111032,0.6612243426550112,0.7952077990934789,0.7653798947939743,0.6473325247919046,47.7082015724274,32.93694748798848,47.3272603333953,-0.0007668640357008137,-0.004468668270338504,-0.0008772335242323422,151.63018941879272,/orcd/home/002/corte911/code/finNN_code/src/volatility/experiments/exp_220_lstm_100_sgd_v4/trial_000_001/fold_000/model_best.pt
