trial,fold,tr_loss,val_loss,test_loss,tr_mae,val_mae,test_mae,tr_directional_accuracy_pct,val_directional_accuracy_pct,test_directional_accuracy_pct,tr_undershooting_pct,val_undershooting_pct,test_undershooting_pct,seconds,model_path
22,0,0.4424159943090136,0.43577130770847966,0.38503504816050704,0.5174294209136516,0.5124230091233656,0.4864736570970994,78.05442571586063,77.38448839063349,72.98612771005409,-0.0003870527808412863,-0.0006973753005640667,-0.000575415584686961,108.00992941856384,/orcd/home/002/corte911/code/finNN_code/src/volatility/experiments/exp_044_mlp_100_sgd_test/trial_000_022/fold_000/model_best.pt
