trial,fold,tr_loss,val_loss,test_loss,tr_mae,val_mae,test_mae,tr_directional_accuracy_pct,val_directional_accuracy_pct,test_directional_accuracy_pct,tr_undershooting_pct,val_undershooting_pct,test_undershooting_pct,seconds,model_path
50,0,0.427449752862731,0.4235513759433632,0.3798291112267484,0.5091768959857952,0.5052974988014391,0.48289791582634517,78.34239461545157,77.8436069112947,73.28960065156384,-0.00022376300931070247,-0.0005835777653219997,-0.00027835439553543337,178.01681303977966,/orcd/home/002/corte911/code/finNN_code/src/volatility/experiments/exp_169_cnn_100_muon_icml_3/trial_000_050/fold_000/model_best.pt
