trial,fold,tr_loss,val_loss,test_loss,tr_mae,val_mae,test_mae,tr_directional_accuracy_pct,val_directional_accuracy_pct,test_directional_accuracy_pct,tr_undershooting_pct,val_undershooting_pct,test_undershooting_pct,seconds,model_path
58,0,0.4277234742352599,0.42362748859112687,0.38005103273774554,0.5093306859515071,0.5054125802076682,0.4830430848215669,78.33253067974121,77.83655169007824,73.27348861091193,-0.0002520967271337725,-0.0006167615628795734,-0.00028733052041909495,166.11603903770447,/orcd/home/002/corte911/code/finNN_code/src/volatility/experiments/exp_169_cnn_100_muon_icml_3/trial_000_058/fold_000/model_best.pt
