trial,fold,tr_loss,val_loss,test_loss,tr_mae,val_mae,test_mae,tr_directional_accuracy_pct,val_directional_accuracy_pct,test_directional_accuracy_pct,tr_undershooting_pct,val_undershooting_pct,test_undershooting_pct,seconds,model_path
14,0,0.4327131646709884,0.42413953562667417,0.37963213022489584,0.5120860281895054,0.5049011055207823,0.48210270326235627,78.24027386927384,77.82385229188861,73.3173983480732,3.788771692000598e-05,-0.0003355020113036884,-3.814310684185021e-05,389.9250247478485,/orcd/home/002/corte911/code/finNN_code/src/volatility/experiments/exp_021_mlp_100_search/trial_000_014/fold_000/model_best.pt
