trial,fold,tr_loss,val_loss,test_loss,tr_mae,val_mae,test_mae,tr_directional_accuracy_pct,val_directional_accuracy_pct,test_directional_accuracy_pct,seconds,model_path
0,0,2.3283244445337914e-05,2.356913682888262e-05,2.3547045202576555e-05,0.00384823651984334,0.0038749680388718843,0.003871097695082426,93.50842237472534,90.98918437957764,89.30930495262146,54.93916845321655,/orcd/home/002/corte911/code/finNN_code/src/price_prediction/experiments/exp_008_MLP_linreg/trial_20251019_182124/fold_000/model_best.pt
