trial,fold,tr_loss,val_loss,test_loss,tr_mae,val_mae,test_mae,tr_directional_accuracy_pct,val_directional_accuracy_pct,test_directional_accuracy_pct,tr_undershooting_pct,val_undershooting_pct,test_undershooting_pct,seconds,model_path
8,0,0.43758072962202454,0.4292896171385507,0.38370824444184115,0.514330409434927,0.5072510410688561,0.484104023120391,78.17749281963503,77.69862211529643,73.19186607530166,0.00039974645879513576,-7.532430328102051e-05,0.0003168553847129544,601.7950620651245,/orcd/home/002/corte911/code/finNN_code/src/volatility/experiments/exp_020_cnn_100_search/trial_000_008/fold_000/model_best.pt
