trial,fold,tr_loss,val_loss,test_loss,tr_mae,val_mae,test_mae,tr_directional_accuracy_pct,val_directional_accuracy_pct,test_directional_accuracy_pct,tr_undershooting_pct,val_undershooting_pct,test_undershooting_pct,seconds,model_path
27,0,0.5625014225012218,0.5618977261400033,0.4692240513589761,0.5879518340415482,0.5927500306926238,0.5429053489540453,75.39476050944327,73.64892513704767,69.2706203135651,-0.00251351687576784,-0.0030534192080260195,-0.002714753204893809,151.22649121284485,/orcd/home/002/corte911/code/finNN_code/src/volatility/experiments/exp_221_lstm_100_sgd_v5/trial_000_027/fold_000/model_best.pt
