trial,fold,tr_loss,val_loss,test_loss,tr_mae,val_mae,test_mae,tr_directional_accuracy_pct,val_directional_accuracy_pct,test_directional_accuracy_pct,tr_undershooting_pct,val_undershooting_pct,test_undershooting_pct,seconds,model_path
8,0,1.019775392841036,0.8092127284448974,0.6737355448623064,0.7957261951522564,0.7190515693678169,0.6483512382327327,52.2917984275726,67.06305251201151,52.6727396666047,0.0008140931072321984,-0.0028267706002929978,0.0010352611315115419,63.53882384300232,/orcd/home/002/corte911/code/finNN_code/src/volatility/experiments/exp_216_cnn_100_sgd_v2/trial_000_008/fold_000/model_best.pt
