Model,Train MSE,Val MSE,Test MSE,normalized
OLS,0.9814598536855614,1.0179038564703642,1.0165898642771136,True
NN,0.655491115081878,1.307461278969236,1.3238273322096776,True
