Model,Train MSE,Val MSE,Test MSE,normalized,Train MSE Std,Val MSE Std,Test MSE Std
OLS,0.9814598536855614,1.0179038564703642,1.0165898642771136,True,0.016668396056053553,0.01986413520959448,0.015057277927613792
NN,0.655491115081878,1.307461278969236,1.3238273322096776,True,0.17359345868456127,0.11961973605891765,0.14850714785256483
