trial,fold,tr_loss,val_loss,test_loss,tr_mae,val_mae,test_mae,tr_directional_accuracy_pct,val_directional_accuracy_pct,test_directional_accuracy_pct,tr_undershooting_pct,val_undershooting_pct,test_undershooting_pct,seconds,model_path
0,0,1.00000034509265,0.8844952683591131,0.6600017469168787,0.7941448744592061,0.7583856161512093,0.6460875513322312,52.2917984275726,67.06305251201151,52.6727396666047,-0.0005680203399762233,-0.0042675887070143265,-0.0006391179811834296,151.00008535385132,/orcd/home/002/corte911/code/finNN_code/src/volatility/experiments/exp_221_lstm_100_sgd_v5/trial_000_000/fold_000/model_best.pt
0,0,1.00000034509265,0.8844952683591131,0.6600017469168787,0.7941448744592061,0.7583856161512093,0.6460875513322312,52.2917984275726,67.06305251201151,52.6727396666047,-0.0005680203399762233,-0.0042675887070143265,-0.0006391179811834296,151.5180675983429,/orcd/home/002/corte911/code/finNN_code/src/volatility/experiments/exp_221_lstm_100_sgd_v5/trial_000_000/fold_000/model_best.pt
