trial,fold,tr_loss,val_loss,test_loss,tr_mae,val_mae,test_mae,tr_directional_accuracy_pct,val_directional_accuracy_pct,test_directional_accuracy_pct,tr_undershooting_pct,val_undershooting_pct,test_undershooting_pct,seconds,model_path
7,0,0.5571310525869568,0.5463221152141854,0.44719251737713944,0.5787216885694618,0.578746031498352,0.5253757486296189,75.29525080507122,73.79637926047171,70.05355925601324,-0.00014603250369573547,-0.0010558776698058223,-0.0003935000776546993,464.0472056865692,/orcd/home/002/corte911/code/finNN_code/src/volatility/experiments/exp_177_transformer_100_adam/trial_000_007/fold_000/model_best.pt
