trial,fold,tr_loss,val_loss,test_loss,tr_mae,val_mae,test_mae,tr_directional_accuracy_pct,val_directional_accuracy_pct,test_directional_accuracy_pct,tr_undershooting_pct,val_undershooting_pct,test_undershooting_pct,seconds,model_path
5,0,0.43554885775583174,0.42829425865009274,0.3823444542477131,0.5131350997964204,0.5063812525210014,0.4830220357192654,78.10896747802373,77.7363675488045,73.12015864163104,0.00039421476940562406,4.1925418233860355e-05,0.0003898335865185789,440.8417263031006,/orcd/home/002/corte911/code/finNN_code/src/volatility/experiments/exp_036_lstm_100_muon_lr/trial_000_005/fold_000/model_best.pt
