trial,fold,tr_loss,val_loss,test_loss,tr_mae,val_mae,test_mae,tr_directional_accuracy_pct,val_directional_accuracy_pct,test_directional_accuracy_pct,tr_undershooting_pct,val_undershooting_pct,test_undershooting_pct,seconds,model_path
3,0,1.0008159308669646,0.9630174238113918,1.1881919754703452,0.7499129093637218,0.7224263708350038,0.8268433213622252,49.87205943045811,51.114459084123986,50.74443539630836,-0.00038619874872101003,-7.029128327076624e-05,-0.00012922949631911796,36.56917643547058,/orcd/home/002/corte911/code/finNN_code/src/price_prediction/experiments/exp_026_cnn_100_lr/trial_000_003/fold_000/model_best.pt
