trial,fold,tr_loss,val_loss,test_loss,tr_mae,val_mae,test_mae,tr_directional_accuracy_pct,val_directional_accuracy_pct,test_directional_accuracy_pct,tr_undershooting_pct,val_undershooting_pct,test_undershooting_pct,seconds,model_path
53,0,0.42669817392666093,0.42350167476681516,0.38041781486175624,0.5089883288187846,0.5059799153319713,0.48355183810124136,78.35051785662479,77.84448881394677,73.24002514186563,-0.0004296476478734919,-0.0008169822691054431,-0.0004647715705523567,294.9584469795227,/orcd/home/002/corte911/code/finNN_code/src/volatility/experiments/exp_169_cnn_100_muon_icml_3/trial_000_053/fold_000/model_best.pt
