Model,Train MSE,Val MSE,Test MSE,Train DirAcc,Val DirAcc,Test DirAcc,Train US,Val US,Test US,Alpha Train,Beta Train,Calib R2 Train,Alpha,Beta,Calib R2 Test,normalized,Train MSE Std,Val MSE Std,Test MSE Std,Train DirAcc Std,Val DirAcc Std,Test DirAcc Std,Train US Std,Val US Std,Test US Std,Alpha Train Std,Beta Train Std,Calib R2 Train Std,Alpha Std,Beta Std,Calib R2 Test Std
OLS,0.9924601658512413,,1.006817308988999,52.61309198641199,,50.34488839800412,50.21845694476591,,50.245245781137164,2.6227366839173154e-18,1.0000000000000002,0.007539834148758605,-0.003026059514082827,0.1567200748316026,0.000760826320550729,True,0.0030253819323323113,,0.005030361391005347,0.42695606598183783,,0.8954819133678937,0.7638157362786634,,1.862716937774754,1.836088037251084e-17,4.557326905135504e-16,0.003025381932332346,0.04079466128865785,0.3111202299722766,0.0007089689201128274
LASSO,0.9999757252302535,,1.0013300297668155,50.1668159264926,,49.883667225120895,50.134535247167065,,50.21061030364625,2.6227366839173154e-18,2.0528663461134693,0.00026237000784164123,-0.0027027549527284685,0.3274044959141498,6.8110293814451135e-06,True,7.761295363083942e-05,,0.0017174980617660092,0.872394045670946,,1.6031474289056904,0.7580131861526379,,1.6911929583107173,1.836088037251084e-17,6.553043906887246,0.0008287370616444272,0.04012696251828697,1.16163764660031,2.5922895638594322e-05
NN,1.0010787779876356,,1.002489948362748,50.06329759432854,,50.02302839027274,50.45325749285427,,50.46617201809046,-7.434529182757744e-19,1.2717594679489566e-19,-3.172065784643304e-17,-0.002693205548169236,-0.00010360451345357993,5.28677630773884e-18,True,0.0012302346079294854,,0.00404814366698969,0.7680279068045767,,1.7035800526988678,1.759344404691566,,2.323241463962656,1.946649556879999e-17,5.178220966302106e-19,1.3661995641049042e-16,0.040046627736153764,0.0017213467537151833,1.4676875646138918e-16
