trial,fold,tr_loss,val_loss,test_loss,tr_mae,val_mae,test_mae,tr_directional_accuracy_pct,val_directional_accuracy_pct,test_directional_accuracy_pct,tr_undershooting_pct,val_undershooting_pct,test_undershooting_pct,seconds,model_path
11,0,1.0000004927577604,0.961888305698226,1.1874356550580127,0.7494186725754296,0.7226213161926711,0.8268930905287222,49.87205943045811,51.114459084123986,50.74443539630836,-3.7690005108689635e-05,0.0002963749150971632,0.0001760242136759556,36.67079043388367,/orcd/home/002/corte911/code/finNN_code/src/price_prediction/experiments/exp_026_cnn_100_lr/trial_000_011/fold_000/model_best.pt
