trial,fold,tr_loss,val_loss,test_loss,tr_mae,val_mae,test_mae,tr_directional_accuracy_pct,val_directional_accuracy_pct,test_directional_accuracy_pct,tr_undershooting_pct,val_undershooting_pct,test_undershooting_pct,seconds,model_path
19,0,0.5115698062480248,0.5085749102287747,0.4183775639814504,0.5621573040211404,0.5642305591243523,0.5092729904178452,77.75241521367026,77.33757116954402,72.72868917040697,-0.0007348473650512235,-0.002970024818771524,-0.0006450206240002379,64.30193781852722,/orcd/home/002/corte911/code/finNN_code/src/volatility/experiments/exp_216_cnn_100_sgd_v2/trial_000_019/fold_000/model_best.pt
