Model,Train MSE,Val MSE,Test MSE,Train DirAcc,Val DirAcc,Test DirAcc,normalized,Train MSE Std,Val MSE Std,Test MSE Std,Train DirAcc Std,Val DirAcc Std,Test DirAcc Std
OLS,0.9814598536855614,1.0179038564703642,1.0165898642771136,52.26278160948664,49.950208557436824,50.08035997835274,True,0.016668396056053525,0.019864135209594465,0.015057277927613818,0.4846943523174653,0.9924323632221561,0.6056142971074513
NN,0.7341506144835823,1.1820976413521702,1.1938756436714344,58.06255034087501,50.31369017256415,50.40728109805845,True,0.1411966646759532,0.14871798159006044,0.16504843716154466,2.8342699942561587,0.593105734157986,0.5557082434838632
