Model,Train MSE,Val MSE,Test MSE,Train DirAcc,Val DirAcc,Test DirAcc,normalized
OLS,0.9814598536855614,1.0179038564703642,1.0165898642771136,52.26278160948664,49.950208557436824,50.08035997835274,True
NN,0.7341506144835823,1.1820976413521702,1.1938756436714344,58.06255034087501,50.31369017256415,50.40728109805845,True
