Model,Train MSE,Val MSE,Test MSE,Train DirAcc,Val DirAcc,Test DirAcc,Train US,Val US,Test US,Alpha Train,Beta Train,Calib R2 Train,Alpha,Beta,Calib R2 Test,normalized
OLS,0.0950048141951359,,0.146921495172169,90.32800040365697,,87.05864961324545,47.19099379183332,,47.61525362228413,9.298117831235686e-16,0.9999999999999967,0.904995185804864,0.002155684699623725,0.9776123510101116,0.8535265227217854,True
LASSO,0.1084861700200581,,0.15784904062144775,90.17886079462205,,86.89354218782698,46.3504945768297,,48.747199413292684,-0.0026059760585012345,1.1282982605995264,0.9031919724341017,0.0018837575439924828,1.097750294479709,0.8491577867740335,True
NN,0.1384934802911308,,0.2138021351882848,88.83505178647322,,84.63003457656664,66.37207469982864,,70.22729148948017,0.12053078615375662,1.0696768814887683,0.8930702518005417,0.12806549537288486,1.0195321494378913,0.8417817862470625,True
