trial,fold,tr_loss,val_loss,test_loss,tr_mae,val_mae,test_mae,tr_directional_accuracy_pct,val_directional_accuracy_pct,test_directional_accuracy_pct,tr_undershooting_pct,val_undershooting_pct,test_undershooting_pct,seconds,model_path
23,0,0.4424289556470814,0.43577928449406494,0.38720760696145934,0.5172400984257367,0.5120338934773625,0.48673370461019044,78.06864138791377,77.49225689471493,72.96859922626794,0.00013160366465450596,-0.0004993985942637675,4.9818841852073915e-05,64.51445627212524,/orcd/home/002/corte911/code/finNN_code/src/volatility/experiments/exp_216_cnn_100_sgd_v2/trial_000_023/fold_000/model_best.pt
