trial,fold,tr_loss,val_loss,test_loss,tr_mae,val_mae,test_mae,tr_directional_accuracy_pct,val_directional_accuracy_pct,test_directional_accuracy_pct,tr_undershooting_pct,val_undershooting_pct,test_undershooting_pct,seconds,model_path
25,0,0.4440774864400521,0.4396609719190729,0.3891176198715012,0.5183239681285177,0.5146195874843849,0.4885325960359511,78.00881951898808,77.29770916967101,72.84235873192928,-0.0001703650169983459,-0.0006865692436907463,-0.00026551910484593486,309.8428988456726,/orcd/home/002/corte911/code/finNN_code/src/volatility/experiments/exp_168_cnn_100_muon_icml_2/trial_000_025/fold_000/model_best.pt
