trial,fold,tr_loss,val_loss,test_loss,tr_mae,val_mae,test_mae,tr_directional_accuracy_pct,val_directional_accuracy_pct,test_directional_accuracy_pct,tr_undershooting_pct,val_undershooting_pct,test_undershooting_pct,seconds,model_path
2,0,1.0000000762466337,0.8855609713579082,0.6600685570714899,0.7942164061253408,0.7589187721650384,0.6461706739973132,47.7082015724274,32.93694748798848,47.3272603333953,-0.0005837618766868114,-0.004283943356691129,-0.0006574154051059014,150.47467923164368,/orcd/home/002/corte911/code/finNN_code/src/volatility/experiments/exp_218_lstm_100_sgd_v2/trial_000_002/fold_000/model_best.pt
