trial,fold,tr_loss,val_loss,test_loss,tr_mae,val_mae,test_mae,tr_directional_accuracy_pct,val_directional_accuracy_pct,test_directional_accuracy_pct,tr_undershooting_pct,val_undershooting_pct,test_undershooting_pct,seconds,model_path
11,0,0.4326493846357168,0.42452700043019986,0.37959248895325753,0.5121588053135154,0.5053750442260401,0.4822636909637844,78.24450955931417,77.81485688483762,73.33173983480732,-9.02315202741953e-05,-0.0004508545915637024,-0.00016938566613842557,135.20774602890015,/orcd/home/002/corte911/code/finNN_code/src/volatility/experiments/exp_038_mlp_100_adam_lr/trial_000_011/fold_000/model_best.pt
