trial,fold,tr_loss,val_loss,test_loss,tr_mae,val_mae,test_mae,tr_directional_accuracy_pct,val_directional_accuracy_pct,test_directional_accuracy_pct,tr_undershooting_pct,val_undershooting_pct,test_undershooting_pct,seconds,model_path
10,0,0.5429838032677375,0.5162916791528291,0.4624518440418331,0.5691047073094665,0.5534464614400192,0.5295688893135452,75.55490440685834,74.97495396468156,69.54505617082305,0.0024156349335905398,0.0014011169763526751,0.002523933188822109,151.36413025856018,/orcd/home/002/corte911/code/finNN_code/src/volatility/experiments/exp_221_lstm_100_sgd_v5/trial_000_010/fold_000/model_best.pt
