trial,fold,tr_loss,val_loss,test_loss,tr_mae,val_mae,test_mae,tr_directional_accuracy_pct,val_directional_accuracy_pct,test_directional_accuracy_pct,tr_undershooting_pct,val_undershooting_pct,test_undershooting_pct,seconds,model_path
0,0,0.4408182957770083,0.43010641529259686,0.387040391529253,0.5161784611093029,0.506280174764306,0.4850511583745264,78.0520467666599,77.83478788477413,73.18088864101134,0.0009194715685887167,0.0005864670382294284,0.0009480607528714553,1103.1982769966125,/orcd/home/002/corte911/code/finNN_code/src/volatility/experiments/exp_215_transformer_100_sgd_seeds/trial_20260126_054518/fold_000/model_best.pt
