trial,fold,tr_loss,val_loss,test_loss,tr_mae,val_mae,test_mae,tr_directional_accuracy_pct,val_directional_accuracy_pct,test_directional_accuracy_pct,tr_undershooting_pct,val_undershooting_pct,test_undershooting_pct,seconds,model_path
16,0,0.43798836042068345,0.42877096318387165,0.38048455626278244,0.5161195252550299,0.5104678283600547,0.4835999849779566,78.16037599002001,77.74783228328124,73.26676050602431,-0.0003355391263692033,-0.0012199978348393671,-0.0003371956494788513,97.20863032341003,/orcd/home/002/corte911/code/finNN_code/src/volatility/experiments/exp_021_mlp_100_search/trial_000_016/fold_000/model_best.pt
