trial,fold,tr_loss,val_loss,test_loss,tr_mae,val_mae,test_mae,tr_directional_accuracy_pct,val_directional_accuracy_pct,test_directional_accuracy_pct,tr_undershooting_pct,val_undershooting_pct,test_undershooting_pct,seconds,model_path
0,0,0.4399104557912618,0.4319929347212938,0.38577594654454284,0.5156976714470792,0.5089044126109433,0.48456758491327606,78.06115640140416,77.68433529233309,73.08085234465602,0.0006736724165505552,6.450887923661556e-05,0.0008362211579678496,867.6593527793884,/orcd/home/002/corte911/code/finNN_code/src/volatility/experiments/exp_046_lstm_100_muon_test/trial_000_000/fold_000/model_best.pt
