trial,fold,tr_loss,val_loss,test_loss,tr_mae,val_mae,test_mae,tr_directional_accuracy_pct,val_directional_accuracy_pct,test_directional_accuracy_pct,tr_undershooting_pct,val_undershooting_pct,test_undershooting_pct,seconds,model_path
3,0,0.43505745633000054,0.42752429367567607,0.38045477862752114,0.5139115121020201,0.5084841838441553,0.4832190949986555,78.209753691723,77.77111451329556,73.25950123496136,-0.0005075413456072145,-0.0010315712380570218,-0.0005271046963799195,1589.3581774234772,/orcd/home/002/corte911/code/finNN_code/src/volatility/experiments/exp_019_lstm_100_search/trial_000_003/fold_000/model_best.pt
