trial,fold,tr_loss,val_loss,test_loss,tr_mae,val_mae,test_mae,tr_directional_accuracy_pct,val_directional_accuracy_pct,test_directional_accuracy_pct,tr_undershooting_pct,val_undershooting_pct,test_undershooting_pct,seconds,model_path
0,0,0.052375828012592406,0.05864990939578094,0.047179336065962474,0.17358225945556696,0.18304865110773214,0.166385938130612,90.49695751718126,88.75995653907184,86.68635242505859,-0.0010797245635801051,-0.0010667930907568217,-0.0007788463459457141,88.86127161979675,/orcd/home/002/corte911/code/finNN_code/src/volatility/experiments/exp_224_mlp_100_sgd_snr/trial_20260218_215240/fold_000/model_best.pt
