trial,fold,tr_loss,val_loss,test_loss,tr_mae,val_mae,test_mae,tr_directional_accuracy_pct,val_directional_accuracy_pct,test_directional_accuracy_pct,tr_undershooting_pct,val_undershooting_pct,test_undershooting_pct,seconds,model_path
22,0,0.4324522858069409,0.42384427430614774,0.3795471345313285,0.5121814425586668,0.505169566936742,0.4824591240654795,78.24091212393745,77.80286300876963,73.32837578236351,-0.0001996428015656161,-0.0005172979230430407,-0.0002966718493365582,846.0335896015167,/orcd/home/002/corte911/code/finNN_code/src/volatility/experiments/exp_021_mlp_100_search/trial_000_022/fold_000/model_best.pt
