trial,fold,tr_loss,val_loss,test_loss,tr_mae,val_mae,test_mae,tr_directional_accuracy_pct,val_directional_accuracy_pct,test_directional_accuracy_pct,tr_undershooting_pct,val_undershooting_pct,test_undershooting_pct,seconds,model_path
59,0,0.4272706941496337,0.4236057518841225,0.37984925528524077,0.5091708044048638,0.5056033502200237,0.4830435317826877,78.33955148104094,77.83390598212208,73.28269549128444,-0.00029424069364843717,-0.0006824808046748966,-0.00036057841340207946,188.09710931777954,/orcd/home/002/corte911/code/finNN_code/src/volatility/experiments/exp_169_cnn_100_muon_icml_3/trial_000_059/fold_000/model_best.pt
