trial,fold,tr_loss,val_loss,test_loss,tr_mae,val_mae,test_mae,tr_directional_accuracy_pct,val_directional_accuracy_pct,test_directional_accuracy_pct,tr_undershooting_pct,val_undershooting_pct,test_undershooting_pct,seconds,model_path
0,0,0.1245966462451491,0.12929513189231137,0.10580279003017469,0.26711363090389234,0.2754371883564943,0.25077531089254934,85.6289131252548,82.85700438137334,80.19963172118449,-0.0009870913456834286,-0.0011907880429238708,-0.00040598041792785396,541.8455338478088,/orcd/home/002/corte911/code/finNN_code/src/volatility/experiments/exp_231_transformer_100_muon_snr/trial_20260219_034842/fold_000/model_best.pt
