trial,fold,tr_loss,val_loss,test_loss,tr_mae,val_mae,test_mae,tr_directional_accuracy_pct,val_directional_accuracy_pct,test_directional_accuracy_pct,tr_undershooting_pct,val_undershooting_pct,test_undershooting_pct,seconds,model_path
14,0,0.42247069481583344,0.4248985863076595,0.3799973071477893,0.5060433273716056,0.5062663536961808,0.4830514577779604,78.46633206649453,77.79051637164083,73.28340371285157,-0.00016600503467483561,-0.0005448860711666327,-0.00018301274434552158,206.42109632492065,/orcd/home/002/corte911/code/finNN_code/src/volatility/experiments/exp_020_cnn_100_search/trial_000_014/fold_000/model_best.pt
