trial,fold,tr_loss,val_loss,test_loss,tr_mae,val_mae,test_mae,tr_directional_accuracy_pct,val_directional_accuracy_pct,test_directional_accuracy_pct,tr_undershooting_pct,val_undershooting_pct,test_undershooting_pct,seconds,model_path
0,0,0.10682839686991309,0.11568689024114438,0.09101677602537224,0.25159304822098044,0.2643104628420664,0.2354833897942411,86.38036986324659,83.71509898241287,81.02856439963251,-0.0008282169301602264,-0.0009494890893171724,-0.00022521454726440087,673.6835618019104,/orcd/home/002/corte911/code/finNN_code/src/volatility/experiments/exp_234_lstm_100_muon_snr/trial_20260219_154112/fold_000/model_best.pt
