trial,fold,tr_loss,val_loss,test_loss,tr_mae,val_mae,test_mae,tr_directional_accuracy_pct,val_directional_accuracy_pct,test_directional_accuracy_pct,seconds,model_path
0,0,2.334986493224278e-05,2.376801785430871e-05,2.36925516219344e-05,0.0038542752154171467,0.003889787243679166,0.003882303135469556,93.48646402359009,90.93455076217651,89.28673267364502,90.6231017112732,/orcd/home/002/corte911/code/finNN_code/src/price_prediction/experiments/exp_008_MLP_linreg/trial_20251019_205245/fold_000/model_best.pt
0,1,2.2780690414947458e-05,2.3217064153868705e-05,2.3158894691732712e-05,0.003806998720392585,0.0038422849029302597,0.0038341672625392675,92.48640537261963,89.43954110145569,88.74343633651733,86.28343200683594,/orcd/home/002/corte911/code/finNN_code/src/price_prediction/experiments/exp_008_MLP_linreg/trial_20251019_205245/fold_001/model_best.pt
