trial,fold,tr_loss,val_loss,test_loss,tr_mae,val_mae,test_mae,tr_directional_accuracy_pct,val_directional_accuracy_pct,test_directional_accuracy_pct,tr_undershooting_pct,val_undershooting_pct,test_undershooting_pct,seconds,model_path
0,0,0.1501424962491444,0.14923546263015006,0.12150560762775167,0.30050893139331,0.3054453874595921,0.2749189910346458,83.15132564138085,79.92426027139088,77.44470431776207,-0.0009118943807462803,-0.0012191789715504853,-0.00023304080286558777,48.56388783454895,/orcd/home/002/corte911/code/finNN_code/src/volatility/experiments/exp_223_mlp_100_adam_snr/trial_20260218_214827/fold_000/model_best.pt
