trial,fold,tr_loss,val_loss,test_loss,tr_mae,val_mae,test_mae,tr_directional_accuracy_pct,val_directional_accuracy_pct,test_directional_accuracy_pct,tr_undershooting_pct,val_undershooting_pct,test_undershooting_pct,seconds,model_path
48,0,0.4278084029574567,0.42340911315047747,0.3799291208582317,0.5093422207443191,0.5050352619474108,0.48288328541425984,78.33026777684296,77.85489526524104,73.26357350897229,-0.00023189383922093165,-0.0005450375859474098,-0.0002694906622303582,166.12311506271362,/orcd/home/002/corte911/code/finNN_code/src/volatility/experiments/exp_169_cnn_100_muon_icml_3/trial_000_048/fold_000/model_best.pt
