trial,fold,tr_loss,val_loss,test_loss,tr_mae,val_mae,test_mae,tr_directional_accuracy_pct,val_directional_accuracy_pct,test_directional_accuracy_pct,tr_undershooting_pct,val_undershooting_pct,test_undershooting_pct,seconds,model_path
0,0,0.4415491919449178,0.4345547829120139,0.38509284063533505,0.5170862401808283,0.5113603215950345,0.48498230518097274,78.13513591923177,77.73354546031791,73.17079648367992,-9.99583882310793e-05,-0.00041961411930428966,0.0001520452954427861,1360.2603220939636,/orcd/home/002/corte911/code/finNN_code/src/volatility/experiments/exp_026_lstm_100_debug/trial_000_000/fold_000/model_best.pt
0,0,0.949742148478012,0.8255996029026048,0.6269408409108074,0.7696322213324835,0.7287083004904977,0.6271173265853097,76.4533929037686,75.61415700689295,70.44980922281536,-0.00021469273833223628,-0.0037682306512597645,-0.00016975041407076718,441.53711581230164,/orcd/home/002/corte911/code/finNN_code/src/volatility/experiments/exp_026_lstm_100_muon/trial_000_000/fold_000/model_best.pt
