trial,fold,tr_loss,val_loss,test_loss,tr_mae,val_mae,test_mae,tr_directional_accuracy_pct,val_directional_accuracy_pct,test_directional_accuracy_pct,tr_undershooting_pct,val_undershooting_pct,test_undershooting_pct,seconds,model_path
0,0,0.4322859199797088,0.42377432781079977,0.37938039119377504,0.5122295037467997,0.5057874564415878,0.48237503485778027,78.23238272070556,77.83866825644319,73.2848201559858,-0.0002806801242469244,-0.0007762674762577617,-0.00037665241987790355,2566.937073945999,/orcd/home/002/corte911/code/finNN_code/src/volatility/experiments/exp_211_lstm_100_adam_seeds/trial_20260126_014806/fold_000/model_best.pt
