trial,fold,tr_loss,val_loss,test_loss,tr_mae,val_mae,test_mae,tr_directional_accuracy_pct,val_directional_accuracy_pct,test_directional_accuracy_pct,tr_undershooting_pct,val_undershooting_pct,test_undershooting_pct,seconds,model_path
12,0,0.48390306554210966,0.4802042721342893,0.42044908211293053,0.5398297509939864,0.5382190542030185,0.5077464033548676,77.04488090748208,75.98826011189581,71.20760629963084,-3.370524642465355e-05,-0.0007286125453021292,-8.251092415334487e-05,151.7075424194336,/orcd/home/002/corte911/code/finNN_code/src/volatility/experiments/exp_220_lstm_100_sgd_v4/trial_000_012/fold_000/model_best.pt
