trial,fold,tr_loss,val_loss,test_loss,tr_mae,val_mae,test_mae,tr_directional_accuracy_pct,val_directional_accuracy_pct,test_directional_accuracy_pct,tr_undershooting_pct,val_undershooting_pct,test_undershooting_pct,seconds,model_path
6,0,1.0000364468024299,0.881292126781756,0.659831353837211,0.7939415761263744,0.7567804607419105,0.6458511391577918,52.2917984275726,67.06305251201151,52.6727396666047,-0.0005229522597506518,-0.004219411485307305,-0.0005817643339768876,150.65552282333374,/orcd/home/002/corte911/code/finNN_code/src/volatility/experiments/exp_219_lstm_100_sgd_v3/trial_000_006/fold_000/model_best.pt
