trial,fold,tr_loss,val_loss,test_loss,tr_mae,val_mae,test_mae,tr_directional_accuracy_pct,val_directional_accuracy_pct,test_directional_accuracy_pct,tr_undershooting_pct,val_undershooting_pct,test_undershooting_pct,seconds,model_path
12,0,0.4302799785809845,0.4237925443206127,0.37903235554214953,0.5109992992599555,0.5059158708121061,0.4820910982669874,78.29655632597407,77.8236759113582,73.29739108880213,-0.00025965107504404114,-0.000752437634819603,-0.00021796794404836534,388.1589720249176,/orcd/home/002/corte911/code/finNN_code/src/volatility/experiments/exp_037_cnn_100_adam_lr/trial_000_012/fold_000/model_best.pt
