trial,fold,tr_loss,val_loss,test_loss,tr_mae,val_mae,test_mae,tr_directional_accuracy_pct,val_directional_accuracy_pct,test_directional_accuracy_pct,tr_undershooting_pct,val_undershooting_pct,test_undershooting_pct,seconds,model_path
0,0,0.11002751187050182,0.11423396530724142,0.09664521983461118,0.25649822586210863,0.2609551656320676,0.24346274115471153,86.65688898602204,83.9985962312709,81.55726200592942,-0.002293182213553935,-0.0020122394492878342,-0.0018560277155511055,578.719232082367,/orcd/home/002/corte911/code/finNN_code/src/volatility/experiments/exp_229_transformer_100_sgd_snr/trial_20260219_012200/fold_000/model_best.pt
