trial,fold,tr_loss,val_loss,test_loss,tr_mae,val_mae,test_mae,tr_directional_accuracy_pct,val_directional_accuracy_pct,test_directional_accuracy_pct,tr_undershooting_pct,val_undershooting_pct,test_undershooting_pct,seconds,model_path
6,0,0.43480765707315966,0.4245728078358399,0.3817123296903869,0.5129664685965559,0.5039683711711369,0.48235112978630523,78.17256085177986,77.92985699066594,73.31421135102117,0.0005584909529338608,0.0001563457704786195,0.0005167208240686059,1030.2217059135437,/orcd/home/002/corte911/code/finNN_code/src/volatility/experiments/exp_200_transformer_100_sgd_v2/trial_000_006/fold_000/model_best.pt
