trial,fold,tr_loss,val_loss,test_loss,tr_mae,val_mae,test_mae,tr_directional_accuracy_pct,val_directional_accuracy_pct,test_directional_accuracy_pct,tr_undershooting_pct,val_undershooting_pct,test_undershooting_pct,seconds,model_path
0,0,0.42982207276144735,0.42458234034096354,0.38383060147727704,0.5108062652594089,0.5059190855798058,0.48542691175905084,78.3115262989933,77.76952708852185,73.17823281013465,-0.00037279899985842336,-0.0005727717189617783,-0.0004324803948386575,753.7510960102081,/orcd/home/002/corte911/code/finNN_code/src/volatility/experiments/exp_208_lstm_100_muon_seeds/trial_20260126_013443/fold_000/model_best.pt
