trial,fold,tr_loss,val_loss,test_loss,tr_mae,val_mae,test_mae,tr_directional_accuracy_pct,val_directional_accuracy_pct,test_directional_accuracy_pct,tr_undershooting_pct,val_undershooting_pct,test_undershooting_pct,seconds,model_path
29,0,0.48150216151876085,0.47851623504274654,0.4191342128382282,0.5392049121300571,0.5385462652779989,0.5073008142403992,77.09292407670661,76.01189510297095,71.25452597845236,-0.00020734426672220914,-0.0010908535196820536,-0.00025092734929519245,151.37022042274475,/orcd/home/002/corte911/code/finNN_code/src/volatility/experiments/exp_221_lstm_100_sgd_v5/trial_000_029/fold_000/model_best.pt
