trial,fold,tr_loss,val_loss,test_loss,tr_mae,val_mae,test_mae,tr_directional_accuracy_pct,val_directional_accuracy_pct,test_directional_accuracy_pct,tr_undershooting_pct,val_undershooting_pct,test_undershooting_pct,seconds,model_path
0,0,0.44727528408563577,0.4381757926264379,0.39482276316029286,0.5196984044143379,0.5097667936932606,0.48921792662326596,77.94540021468566,77.74359915055136,73.02189289919352,0.0013983183538755675,0.001258930520759913,0.0014826675254510345,1103.2273585796356,/orcd/home/002/corte911/code/finNN_code/src/volatility/experiments/exp_215_transformer_100_sgd_seeds/trial_20260126_052611/fold_000/model_best.pt
