trial,fold,tr_loss,val_loss,test_loss,tr_mae,val_mae,test_mae,tr_directional_accuracy_pct,val_directional_accuracy_pct,test_directional_accuracy_pct,tr_undershooting_pct,val_undershooting_pct,test_undershooting_pct,seconds,model_path
3,0,0.5560179445266917,0.5494205848174497,0.4616022582885065,0.5806013841808038,0.5797182269008199,0.5348050150697654,75.24569903391453,73.57819654435265,69.83241707168088,-0.0012077764893585225,-0.0010539829570767921,-0.0014289116448173008,179.72078704833984,/orcd/home/002/corte911/code/finNN_code/src/volatility/experiments/exp_177_transformer_100_adam/trial_000_003/fold_000/model_best.pt
3,0,0.4424496931604888,0.4328317333135218,0.38397015739578877,0.5175008014306106,0.5105569364843926,0.48464430747549997,78.10125039890916,77.60954994743861,73.08120645543958,7.961862354034536e-05,-0.0005029471961662308,8.736024830298049e-05,1053.1796407699585,/orcd/home/002/corte911/code/finNN_code/src/volatility/experiments/exp_177_transformer_100_adam/trial_000_003/fold_000/model_best.pt
