trial,fold,tr_loss,val_loss,test_loss,tr_mae,val_mae,test_mae,tr_directional_accuracy_pct,val_directional_accuracy_pct,test_directional_accuracy_pct,tr_undershooting_pct,val_undershooting_pct,test_undershooting_pct,seconds,model_path
0,0,0.5186561045211872,0.5110495104984285,0.4363377185046379,0.5582735634198709,0.5563254317864283,0.5179632866135334,76.24758478632974,75.03086659282202,70.43688417921547,-0.00024622723024865143,-0.0007787808848547308,-0.00023455488855817522,2361.743085861206,/orcd/home/002/corte911/code/finNN_code/src/volatility/experiments/exp_045_lstm_100_sgd_test/trial_000_000/fold_000/model_best.pt
