trial,fold,tr_loss,val_loss,test_loss,tr_mae,val_mae,test_mae,tr_directional_accuracy_pct,val_directional_accuracy_pct,test_directional_accuracy_pct,tr_undershooting_pct,val_undershooting_pct,test_undershooting_pct,seconds,model_path
21,0,0.4965061114501101,0.5068887917672609,0.4402852777302002,0.5478063504809122,0.5473211838551307,0.517705891473206,77.65934607908555,76.93066128588463,72.27879141989571,0.0015788568474127344,0.0024229083779119935,0.0016521346447803589,151.39125323295593,/orcd/home/002/corte911/code/finNN_code/src/volatility/experiments/exp_221_lstm_100_sgd_v5/trial_000_021/fold_000/model_best.pt
