trial,fold,tr_loss,val_loss,test_loss,tr_mae,val_mae,test_mae,tr_directional_accuracy_pct,val_directional_accuracy_pct,test_directional_accuracy_pct,tr_undershooting_pct,val_undershooting_pct,test_undershooting_pct,seconds,model_path
20,0,0.5449228310238485,0.5399857745320872,0.4479092376030832,0.5749894289071339,0.5774492216385757,0.527655658835562,75.73448605993792,74.17295169290033,69.90199984065015,-0.0013192044391364811,-0.0020419145951045556,-0.001477927443702225,151.43897008895874,/orcd/home/002/corte911/code/finNN_code/src/volatility/experiments/exp_221_lstm_100_sgd_v5/trial_000_020/fold_000/model_best.pt
