Model,Train MSE,Val MSE,Test MSE,Train DirAcc,Val DirAcc,Test DirAcc,normalized
OLS,0.0037192798257302665,0.0038063362471724743,0.003654960973460615,99.39783217536967,99.80774613298424,99.77260414275068,False
NN,0.003719346676992539,0.003806334103309098,0.0036549185513847955,97.62302353268578,96.62879975069137,96.75990357285454,False
