trial,fold,tr_loss,val_loss,test_loss,tr_mae,val_mae,test_mae,tr_directional_accuracy_pct,val_directional_accuracy_pct,test_directional_accuracy_pct,tr_undershooting_pct,val_undershooting_pct,test_undershooting_pct,seconds,model_path
0,0,0.44538041737006373,0.4360126100112545,0.38914909869484426,0.5186735373576167,0.5109789770702279,0.4862732339381711,77.92909570918796,77.61501774388135,72.87546809019202,0.000865388801582122,0.00012243316285564227,0.0010781256555598062,626.6837196350098,/orcd/home/002/corte911/code/finNN_code/src/volatility/experiments/exp_019_lstm_100_search/trial_000_000/fold_000/model_best.pt
