trial,fold,tr_loss,val_loss,test_loss,tr_mae,val_mae,test_mae,tr_directional_accuracy_pct,val_directional_accuracy_pct,test_directional_accuracy_pct,seconds,model_path
4,2,0.0006444369209930301,0.00028679543174803257,0.00026598520344123244,0.01624957099556923,0.011199825443327427,0.011022444814443588,50.08193254470825,50.17058253288269,50.297611951828,62.53392553329468,/orcd/home/002/corte911/code/finNN_code/src/price_prediction/experiments/exp_007_mlp_optuna_search/trial_004/fold_002/model_best.pt
4,4,0.0002810270234476775,0.0003719260566867888,0.0021499458234757185,0.011247062124311924,0.013083548285067081,0.028676070272922516,50.27686357498169,50.38142204284668,47.31026589870453,63.04634118080139,/orcd/home/002/corte911/code/finNN_code/src/price_prediction/experiments/exp_007_mlp_optuna_search/trial_004/fold_004/model_best.pt
4,7,0.001274587120860815,0.0003952528350055218,0.0005551865906454623,0.021752743050456047,0.013794922269880772,0.01626351661980152,49.77467358112335,51.776230335235596,50.453972816467285,67.09067678451538,/orcd/home/002/corte911/code/finNN_code/src/price_prediction/experiments/exp_007_mlp_optuna_search/trial_004/fold_007/model_best.pt
