trial,fold,tr_loss,val_loss,test_loss,tr_mae,val_mae,test_mae,tr_directional_accuracy_pct,val_directional_accuracy_pct,test_directional_accuracy_pct,tr_undershooting_pct,val_undershooting_pct,test_undershooting_pct,seconds,model_path
9,0,0.4385721676009121,0.4294738501039321,0.3849813777539861,0.5147355767705221,0.5065490857439223,0.4839081936324795,78.08813716672952,77.78575409731972,73.1444152303048,0.000778699475247194,0.0002520981497471196,0.0008511365872553837,1673.2688677310944,/orcd/home/002/corte911/code/finNN_code/src/volatility/experiments/exp_019_lstm_100_search/trial_000_009/fold_000/model_best.pt
