trial,fold,tr_loss,val_loss,test_loss,tr_mae,val_mae,test_mae,tr_directional_accuracy_pct,val_directional_accuracy_pct,test_directional_accuracy_pct,tr_undershooting_pct,val_undershooting_pct,test_undershooting_pct,seconds,model_path
0,0,0.1303327614192538,0.12785275037595925,0.10350405876448386,0.2826020081348241,0.2850150851848719,0.25546610409477516,84.09461000904669,81.44349057785013,78.41393348877351,-0.0008160914697802267,-0.0012088051753347544,-0.00021983966159252468,308.36548233032227,/orcd/home/002/corte911/code/finNN_code/src/volatility/experiments/exp_225_mlp_100_muon_snr/trial_20260218_230902/fold_000/model_best.pt
