trial,fold,tr_loss,val_loss,test_loss,tr_mae,val_mae,test_mae,tr_directional_accuracy_pct,val_directional_accuracy_pct,test_directional_accuracy_pct,tr_undershooting_pct,val_undershooting_pct,test_undershooting_pct,seconds,model_path
0,0,0.42708984460191984,0.42325295216369124,0.38010669452062634,0.5089905390390415,0.5055112008664473,0.4829644581358059,78.34425135629117,77.84078482280812,73.28092493736665,-9.813397667136778e-05,-0.0006762097412046236,-0.00022341910776090131,322.5026934146881,/orcd/home/002/corte911/code/finNN_code/src/volatility/experiments/exp_204_cnn_100_muon_seeds/trial_20260126_013652/fold_000/model_best.pt
