trial,fold,tr_loss,val_loss,test_loss,tr_mae,val_mae,test_mae,tr_directional_accuracy_pct,val_directional_accuracy_pct,test_directional_accuracy_pct,tr_undershooting_pct,val_undershooting_pct,test_undershooting_pct,seconds,model_path
13,0,0.44668885344226944,0.44250079730916186,0.38507628129433624,0.5195932226494504,0.5158112758829472,0.48589646041027607,78.04520003481389,77.43951911612189,73.09944316079286,-0.00024277283596222643,-0.0005523356845584613,-0.0002693782706517718,238.4607105255127,/orcd/home/002/corte911/code/finNN_code/src/volatility/experiments/exp_044_mlp_100_sgd_test/trial_000_013/fold_000/model_best.pt
