trial,fold,tr_loss,val_loss,test_loss,tr_mae,val_mae,test_mae,tr_directional_accuracy_pct,val_directional_accuracy_pct,test_directional_accuracy_pct,tr_undershooting_pct,val_undershooting_pct,test_undershooting_pct,seconds,model_path
14,0,0.4392562121618558,0.4313344433662418,0.38242381972249007,0.5154397234086244,0.5094255120078762,0.4842558295314838,78.15434158229134,77.56122168210584,73.16389132340052,-4.712462117429944e-05,-0.0004912854571504588,-0.0002237134656835294,271.83268308639526,/orcd/home/002/corte911/code/finNN_code/src/volatility/experiments/exp_044_mlp_100_sgd_test/trial_000_014/fold_000/model_best.pt
