trial,fold,tr_loss,val_loss,test_loss,tr_mae,val_mae,test_mae,tr_directional_accuracy_pct,val_directional_accuracy_pct,test_directional_accuracy_pct,tr_undershooting_pct,val_undershooting_pct,test_undershooting_pct,seconds,model_path
5,0,0.44286092266629307,0.4332920007673594,0.38955356051682516,0.5170351805868588,0.5085672191988885,0.4869184179934755,78.02831529780383,77.58556219530263,72.95514301649271,0.0009678195089974185,0.00039812495624882234,0.0009325218041961605,155.07323336601257,/orcd/home/002/corte911/code/finNN_code/src/volatility/experiments/exp_020_cnn_100_search/trial_000_005/fold_000/model_best.pt
