trial,fold,tr_loss,val_loss,test_loss,tr_mae,val_mae,test_mae,tr_directional_accuracy_pct,val_directional_accuracy_pct,test_directional_accuracy_pct,tr_undershooting_pct,val_undershooting_pct,test_undershooting_pct,seconds,model_path
19,0,0.6123296995296321,0.5874483012578808,0.5262913714108747,0.6158756301943187,0.6047348188140648,0.5757155251020282,75.26867620180452,73.51134832332667,69.30001150860046,-0.0030632756712916085,-0.0026722215289227322,-0.003129273440578797,151.3227241039276,/orcd/home/002/corte911/code/finNN_code/src/volatility/experiments/exp_221_lstm_100_sgd_v5/trial_000_019/fold_000/model_best.pt
