trial,fold,tr_loss,val_loss,test_loss,tr_mae,val_mae,test_mae,tr_directional_accuracy_pct,val_directional_accuracy_pct,test_directional_accuracy_pct,tr_undershooting_pct,val_undershooting_pct,test_undershooting_pct,seconds,model_path
3,0,0.5906609332989303,0.563390498986754,0.4581438812863364,0.5951279248994568,0.5875015392818457,0.530428201030075,75.04081928689547,73.69866444662372,69.53337051496561,0.00043035869813642556,-0.0008230481589383549,0.0004541831560289979,150.31850266456604,/orcd/home/002/corte911/code/finNN_code/src/volatility/experiments/exp_219_lstm_100_sgd_v3/trial_000_003/fold_000/model_best.pt
