trial,fold,tr_loss,val_loss,test_loss,tr_mae,val_mae,test_mae,tr_directional_accuracy_pct,val_directional_accuracy_pct,test_directional_accuracy_pct,tr_undershooting_pct,val_undershooting_pct,test_undershooting_pct,seconds,model_path
0,0,0.04074730482708936,0.04363330814159534,0.0354575846871084,0.1498615894944183,0.15104942734183077,0.1406032214947798,92.64659609006877,91.35999844025697,90.00842116596618,-0.00021077569335014362,0.0004332286087677649,-0.00012140800427693562,515.8766045570374,/orcd/home/002/corte911/code/finNN_code/src/volatility/experiments/exp_229_transformer_100_sgd_snr/trial_20260225_013847/fold_000/model_best.pt
