trial,fold,tr_loss,val_loss,test_loss,tr_mae,val_mae,test_mae,tr_directional_accuracy_pct,val_directional_accuracy_pct,test_directional_accuracy_pct,tr_undershooting_pct,val_undershooting_pct,test_undershooting_pct,seconds,model_path
0,0,0.4332200409001423,0.42376405439040815,0.37972960920718174,0.512556255258348,0.505187653907515,0.4822318300708111,78.21074008529403,77.86706552183944,73.31722129268141,-0.0001404680195605635,-0.0006162527919733196,-0.00021756076977587057,1591.8833765983582,/orcd/home/002/corte911/code/finNN_code/src/volatility/experiments/exp_211_lstm_100_adam_seeds/trial_20260126_024756/fold_000/model_best.pt
