trial,fold,tr_loss,val_loss,test_loss,tr_mae,val_mae,test_mae,tr_directional_accuracy_pct,val_directional_accuracy_pct,test_directional_accuracy_pct,tr_undershooting_pct,val_undershooting_pct,test_undershooting_pct,seconds,model_path
14,0,0.43551406733308884,0.4270113913751461,0.38396248946896194,0.5134367792436683,0.5062263085120362,0.4839213625595072,78.08552612492385,77.78593047785013,73.01587301587301,0.0005460211853642228,-9.172756552695386e-05,0.0006498982383128869,763.5891222953796,/orcd/home/002/corte911/code/finNN_code/src/volatility/experiments/exp_046_lstm_100_muon_test/trial_000_014/fold_000/model_best.pt
