trial,fold,tr_loss,val_loss,test_loss,tr_mae,val_mae,test_mae,tr_directional_accuracy_pct,val_directional_accuracy_pct,test_directional_accuracy_pct,tr_undershooting_pct,val_undershooting_pct,test_undershooting_pct,seconds,model_path
0,0,0.43024300620285355,0.4233187985244112,0.37963917451630114,0.510667909083615,0.5046529321719851,0.4820360874679917,78.3009660854681,77.9046345748171,73.31403429562938,0.00017271368278563845,-0.00038504841695390205,5.381993007463198e-05,54.84310221672058,/orcd/home/002/corte911/code/finNN_code/src/volatility/experiments/exp_210_mlp_100_sgd_seeds/trial_20260126_013302/fold_000/model_best.pt
