trial,fold,tr_loss,val_loss,test_loss,tr_mae,val_mae,test_mae,tr_directional_accuracy_pct,val_directional_accuracy_pct,test_directional_accuracy_pct,tr_undershooting_pct,val_undershooting_pct,test_undershooting_pct,seconds,model_path
0,0,0.4287253895432994,0.42224749421719115,0.3789332900584973,0.5106773182968755,0.5061750203609274,0.48310120230293735,78.24996373553047,77.81009461051651,73.24498269283545,-0.0005175969685686174,-0.0010480965258414287,-0.0005989105116433586,1125.6455388069153,/orcd/home/002/corte911/code/finNN_code/src/volatility/experiments/exp_214_transformer_100_adam_seeds/trial_20260126_035037/fold_000/model_best.pt
