trial,fold,tr_loss,val_loss,test_loss,tr_mae,val_mae,test_mae,tr_directional_accuracy_pct,val_directional_accuracy_pct,test_directional_accuracy_pct,tr_undershooting_pct,val_undershooting_pct,test_undershooting_pct,seconds,model_path
6,0,0.4390866829967225,0.42924716768102683,0.38352943705553577,0.5153577883019661,0.5075347286546762,0.4836374406656951,78.10896747802373,77.79721883179647,73.10139077010243,0.000407296988577357,-0.00021789820861918677,0.000461269350144918,445.603786945343,/orcd/home/002/corte911/code/finNN_code/src/volatility/experiments/exp_046_lstm_100_muon_test/trial_000_006/fold_000/model_best.pt
