trial,fold,tr_loss,val_loss,test_loss,tr_mae,val_mae,test_mae,tr_directional_accuracy_pct,val_directional_accuracy_pct,test_directional_accuracy_pct,tr_undershooting_pct,val_undershooting_pct,test_undershooting_pct,seconds,model_path
0,0,0.43048913938472316,0.424095030952941,0.3810062151516046,0.5112110868784496,0.5057953472741794,0.4837858014993272,78.23400736894021,77.77975715928572,73.21842438406856,-0.0003836919721934132,-0.0007367017756286291,-0.0005489401405520532,647.6108064651489,/orcd/home/002/corte911/code/finNN_code/src/volatility/experiments/exp_208_lstm_100_muon_seeds/trial_20260126_011130/fold_000/model_best.pt
