trial,fold,tr_loss,val_loss,test_loss,tr_mae,val_mae,test_mae,tr_directional_accuracy_pct,val_directional_accuracy_pct,test_directional_accuracy_pct,tr_undershooting_pct,val_undershooting_pct,test_undershooting_pct,seconds,model_path
3,0,0.4467588491369129,0.44481622188902165,0.38820670751273534,0.5197973414659051,0.5170087698535578,0.4875295789705778,78.08494589341147,77.41958811618538,73.05765808833293,-0.00022702706610967286,-0.00043661470428817855,-5.5312644949985895e-05,111.76537871360779,/orcd/home/002/corte911/code/finNN_code/src/volatility/experiments/exp_035_mlp_100_muon_lr/trial_000_003/fold_000/model_best.pt
