Model,Train MSE,Val MSE,Test MSE,Train DirAcc,Val DirAcc,Test DirAcc,normalized
OLS,0.9814598536855614,1.0179038564703642,1.0165898642771136,52.26278160948664,49.950208557436824,50.08035997835274,True
NN,0.41611305304936,1.266140710093583,1.2618605175745672,69.46012264206296,50.11307767459324,50.19530923593612,True
