Model,Train MSE,Val MSE,Test MSE,Train DirAcc,Val DirAcc,Test DirAcc,normalized,Train MSE Std,Val MSE Std,Test MSE Std,Train DirAcc Std,Val DirAcc Std,Test DirAcc Std
OLS,0.9814598536855614,1.0179038564703642,1.0165898642771136,52.26278160948664,49.950208557436824,50.08035997835274,True,0.016668396056053553,0.01986413520959448,0.015057277927613792,0.4846943523174653,0.9924323632221561,0.6056142971074513
NN,0.41611305304936,1.266140710093583,1.2618605175745672,69.46012264206296,50.11307767459324,50.19530923593612,True,0.08953422299619791,0.05517695926927975,0.054361428382530705,3.319003075806452,0.46564030025926767,0.558886571282898
