trial,fold,tr_loss,val_loss,test_loss,tr_mae,val_mae,test_mae,tr_directional_accuracy_pct,val_directional_accuracy_pct,test_directional_accuracy_pct,tr_undershooting_pct,val_undershooting_pct,test_undershooting_pct,seconds,model_path
2,0,0.4385325610438458,0.42759987273993816,0.3848100775394208,0.5148292622027674,0.5055348111401337,0.48410835527160295,78.1491775218312,77.79986453975265,73.18248213953736,0.0009206372095346139,0.00031762759856871457,0.0008824711018641855,684.5943012237549,/orcd/home/002/corte911/code/finNN_code/src/volatility/experiments/exp_020_cnn_100_search/trial_000_002/fold_000/model_best.pt
