trial,fold,tr_loss,val_loss,test_loss,tr_mae,val_mae,test_mae,tr_directional_accuracy_pct,val_directional_accuracy_pct,test_directional_accuracy_pct,tr_undershooting_pct,val_undershooting_pct,test_undershooting_pct,seconds,model_path
12,0,0.49296246997411375,0.49422804912691104,0.4373171669975426,0.5446743722620325,0.5423013843784008,0.5166656685687672,77.03594534219154,76.10484764249783,71.23646632849086,0.0006740566122268702,0.0007207978172434257,0.0007777402258268416,151.32149958610535,/orcd/home/002/corte911/code/finNN_code/src/volatility/experiments/exp_221_lstm_100_sgd_v5/trial_000_012/fold_000/model_best.pt
