trial,fold,tr_loss,val_loss,test_loss,tr_mae,val_mae,test_mae,tr_directional_accuracy_pct,val_directional_accuracy_pct,test_directional_accuracy_pct,tr_undershooting_pct,val_undershooting_pct,test_undershooting_pct,seconds,model_path
6,0,0.7089048411814413,0.6297713401914085,0.544033973784716,0.6524417523206993,0.6198698990681706,0.5769097589646741,70.93666773042445,71.45334029448493,65.44232863251268,0.002540558310283265,0.0006915927387454445,0.0031907569268872257,151.67767930030823,/orcd/home/002/corte911/code/finNN_code/src/volatility/experiments/exp_220_lstm_100_sgd_v4/trial_000_006/fold_000/model_best.pt
