trial,fold,tr_loss,val_loss,test_loss,tr_mae,val_mae,test_mae,tr_directional_accuracy_pct,val_directional_accuracy_pct,test_directional_accuracy_pct,tr_undershooting_pct,val_undershooting_pct,test_undershooting_pct,seconds,model_path
1,0,1.0006967490907768,0.9628738245407381,1.1880774083147867,0.7498461575981726,0.7224124523721394,0.8268226847198188,49.87205943045811,51.114459084123986,50.74443539630836,-0.00036035054355582096,-4.042985771140485e-05,-0.00010337416652941937,216.63534712791443,/orcd/home/002/corte911/code/finNN_code/src/price_prediction/experiments/exp_025_lstm_100_lr/trial_000_001/fold_000/model_best.pt
