trial,fold,tr_loss,val_loss,test_loss,tr_mae,val_mae,test_mae,tr_directional_accuracy_pct,val_directional_accuracy_pct,test_directional_accuracy_pct,tr_undershooting_pct,val_undershooting_pct,test_undershooting_pct,seconds,model_path
2,0,1.0014320071949188,0.963737963309852,1.1887883969419812,0.7502513743101351,0.722543425378481,0.8269801733159864,49.87205943045811,51.114459084123986,50.74443539630836,-0.0005021039405520265,-0.00019596035494173054,-0.00023186564785261497,11.489635944366455,/orcd/home/002/corte911/code/finNN_code/src/price_prediction/experiments/exp_024_mlp_100_lr/trial_000_002/fold_000/model_best.pt
