trial,fold,tr_loss,val_loss,test_loss,tr_mae,val_mae,test_mae,tr_directional_accuracy_pct,val_directional_accuracy_pct,test_directional_accuracy_pct,tr_undershooting_pct,val_undershooting_pct,test_undershooting_pct,seconds,model_path
0,0,0.4337266485856177,0.42435032232231984,0.38024217955017703,0.5130825685166155,0.5059153846460445,0.4828779517070353,78.19037395920972,77.79298569906659,73.31155552014448,-0.00025503634507297317,-0.0007309267832411865,-0.00042738641958075694,928.6414804458618,/orcd/home/002/corte911/code/finNN_code/src/volatility/experiments/exp_211_lstm_100_adam_seeds/trial_20260126_023140/fold_000/model_best.pt
