trial,fold,tr_loss,val_loss,test_loss,tr_mae,val_mae,test_mae,tr_directional_accuracy_pct,val_directional_accuracy_pct,test_directional_accuracy_pct,seconds,model_path
0,0,0.28507205843925476,0.5335761904716492,0.39816203713417053,0.39449673891067505,0.5053895711898804,0.43022218346595764,75.2636194229126,49.96369481086731,50.37059783935547,80.2178258895874,/orcd/home/002/corte911/code/finNN_code/src/price_prediction/experiments/exp_010_mlp_60_windows/trial_20251020_022831/fold_000/model_best.pt
0,1,0.23223023116588593,0.5116769075393677,0.48564499616622925,0.3533588945865631,0.4932714104652405,0.4691455364227295,77.12204456329346,50.247061252593994,50.32263994216919,74.53095030784607,/orcd/home/002/corte911/code/finNN_code/src/price_prediction/experiments/exp_010_mlp_60_windows/trial_20251020_022831/fold_001/model_best.pt
