trial,fold,tr_loss,val_loss,test_loss,tr_mae,val_mae,test_mae,tr_directional_accuracy_pct,val_directional_accuracy_pct,test_directional_accuracy_pct,tr_undershooting_pct,val_undershooting_pct,test_undershooting_pct,seconds,model_path
19,0,0.43579372077674516,0.4273608055909469,0.382529867325543,0.5135572626314814,0.5066166985676578,0.4835207647935313,78.18486175984218,77.73301631872667,73.2154144424083,0.00027738659627208847,-0.00026868706280583013,0.00021045789349346026,419.44354462623596,/orcd/home/002/corte911/code/finNN_code/src/volatility/experiments/exp_020_cnn_100_search/trial_000_019/fold_000/model_best.pt
