trial,fold,tr_loss,val_loss,test_loss,tr_mae,val_mae,test_mae,tr_directional_accuracy_pct,val_directional_accuracy_pct,test_directional_accuracy_pct,tr_undershooting_pct,val_undershooting_pct,test_undershooting_pct,seconds,model_path
16,0,0.4470225482330908,0.4428192602844534,0.39432144489210785,0.5195666094160242,0.515021402227146,0.49095643550356216,77.96280716005687,77.28359872723809,72.73276144441789,0.00015347576794312652,-0.00016223865675668342,0.00011301690391172968,151.32039618492126,/orcd/home/002/corte911/code/finNN_code/src/volatility/experiments/exp_221_lstm_100_sgd_v5/trial_000_016/fold_000/model_best.pt
