trial,fold,tr_loss,val_loss,test_loss,tr_mae,val_mae,test_mae,tr_directional_accuracy_pct,val_directional_accuracy_pct,test_directional_accuracy_pct,tr_undershooting_pct,val_undershooting_pct,test_undershooting_pct,seconds,model_path
8,0,0.4595534213087834,0.4343345074095708,0.38753494901590363,0.5274536594617855,0.5110072199165367,0.48719759838193505,78.06887348051873,77.71343807985099,73.19947945714817,0.0004620639146742115,-0.0002490389431097102,4.136944984547343e-05,718.2389903068542,/orcd/home/002/corte911/code/finNN_code/src/volatility/experiments/exp_046_lstm_100_muon_test/trial_000_008/fold_000/model_best.pt
