trial,fold,tr_loss,val_loss,test_loss,tr_mae,val_mae,test_mae,tr_directional_accuracy_pct,val_directional_accuracy_pct,test_directional_accuracy_pct,tr_undershooting_pct,val_undershooting_pct,test_undershooting_pct,seconds,model_path
8,0,0.4341029779097407,0.42653966591857917,0.3797689347055388,0.5132430608220884,0.5076986777165027,0.48234323793989964,78.20952159911805,77.82949646886178,73.27295744473659,-0.0001298184632639401,-0.000819655266543114,-7.909538380017499e-05,189.44347262382507,/orcd/home/002/corte911/code/finNN_code/src/volatility/experiments/exp_021_mlp_100_search/trial_000_008/fold_000/model_best.pt
