trial,fold,tr_loss,val_loss,test_loss,tr_mae,val_mae,test_mae,tr_directional_accuracy_pct,val_directional_accuracy_pct,test_directional_accuracy_pct,tr_undershooting_pct,val_undershooting_pct,test_undershooting_pct,seconds,model_path
0,0,0.11232295049634956,0.1066733316293528,0.09406477491313711,0.2642049714196552,0.2620387815443888,0.2436729364785328,85.96266054193723,82.87727303227538,80.33532166190223,1.4826658823888153e-05,-0.0012755042910970104,0.0006559015674564223,901.0618944168091,/orcd/home/002/corte911/code/finNN_code/src/volatility/experiments/exp_230_lstm_100_sgd_snr/trial_20260219_015037/fold_000/model_best.pt
