trial,fold,tr_loss,val_loss,test_loss,tr_mae,val_mae,test_mae,tr_directional_accuracy_pct,val_directional_accuracy_pct,test_directional_accuracy_pct,tr_undershooting_pct,val_undershooting_pct,test_undershooting_pct,seconds,model_path
22,0,0.4324619884732228,0.4249423077996826,0.3794088033866648,0.5123782331191161,0.5070756533248529,0.4822659940671228,78.24358118889437,77.90198886686092,73.29491231331723,-0.00040406870424890994,-0.0009335357921875856,-0.00029504042784009933,1634.3432223796844,/orcd/home/002/corte911/code/finNN_code/src/volatility/experiments/exp_019_lstm_100_search/trial_000_022/fold_000/model_best.pt
