trial,fold,tr_loss,val_loss,test_loss,tr_mae,val_mae,test_mae,tr_directional_accuracy_pct,val_directional_accuracy_pct,test_directional_accuracy_pct,tr_undershooting_pct,val_undershooting_pct,test_undershooting_pct,seconds,model_path
20,0,0.44296300504270486,0.43354215782773425,0.38435095572844363,0.5175182444279642,0.5099153256067959,0.4836620477341336,78.06428965157097,77.80039368134388,73.1589337724307,0.0005288100722647511,-0.00016104089940350958,0.000669919870862614,754.4183003902435,/orcd/home/002/corte911/code/finNN_code/src/volatility/experiments/exp_019_lstm_100_search/trial_000_020/fold_000/model_best.pt
