trial,fold,tr_loss,val_loss,test_loss,tr_mae,val_mae,test_mae,tr_directional_accuracy_pct,val_directional_accuracy_pct,test_directional_accuracy_pct,tr_undershooting_pct,val_undershooting_pct,test_undershooting_pct,seconds,model_path
19,0,0.44059342510668614,0.4315556922794521,0.38224231921112833,0.5165140178040413,0.5090269591853248,0.4836011827818888,78.14407148452233,77.72772490281433,73.29827636576103,-0.0001430458888887491,-0.0003768275836558667,-0.00015587246489023136,464.0458023548126,/orcd/home/002/corte911/code/finNN_code/src/volatility/experiments/exp_177_transformer_100_adam/trial_000_019/fold_000/model_best.pt
