trial,fold,tr_loss,val_loss,test_loss,tr_mae,val_mae,test_mae,tr_directional_accuracy_pct,val_directional_accuracy_pct,test_directional_accuracy_pct,seconds,model_path
3,0,0.0011357851326465607,0.0004447811224963516,0.00029453422757796943,0.022312046959996223,0.014276069588959217,0.011739150620996952,48.295727372169495,52.228206396102905,50.95115900039673,73.61591506004333,/orcd/home/002/corte911/code/finNN_code/src/price_prediction/experiments/exp_007_mlp_optuna_search/trial_003/fold_000/model_best.pt
3,7,0.0012745736166834831,0.00039524867315776646,0.0005551716894842684,0.021752404049038887,0.013794701546430588,0.016263214871287346,49.77467358112335,51.776230335235596,50.453972816467285,78.52025246620178,/orcd/home/002/corte911/code/finNN_code/src/price_prediction/experiments/exp_007_mlp_optuna_search/trial_003/fold_007/model_best.pt
3,0,0.0011357853654772043,0.0004447810642886907,0.0002945343730971217,0.02231205627322197,0.014276073314249516,0.011739158071577549,48.295727372169495,52.228206396102905,50.95115900039673,73.96932792663574,/orcd/home/002/corte911/code/finNN_code/src/price_prediction/experiments/exp_007_mlp_optuna_search/trial_003/fold_000/model_best.pt
3,7,0.001274573733098805,0.0003952487022615969,0.0005551718058995903,0.021752407774329185,0.013794701546430588,0.016263216733932495,49.77467358112335,51.776230335235596,50.453972816467285,75.4542133808136,/orcd/home/002/corte911/code/finNN_code/src/price_prediction/experiments/exp_007_mlp_optuna_search/trial_003/fold_007/model_best.pt
3,10,0.0004066570254508406,0.000226646734517999,0.00021319827646948397,0.013687740080058575,0.01026156172156334,0.009883414022624493,51.08402371406555,52.923405170440674,52.86460518836975,73.63097095489502,/orcd/home/002/corte911/code/finNN_code/src/price_prediction/experiments/exp_007_mlp_optuna_search/trial_003/fold_010/model_best.pt
3,16,0.00028945779195055366,0.0002842690155375749,0.001330195227637887,0.011155176907777786,0.011498067528009415,0.023410150781273842,46.505406498909,45.00627815723419,48.12531769275665,76.02494263648987,/orcd/home/002/corte911/code/finNN_code/src/price_prediction/experiments/exp_007_mlp_optuna_search/trial_003/fold_016/model_best.pt
