trial,fold,tr_loss,val_loss,test_loss,tr_mae,val_mae,test_mae,tr_directional_accuracy_pct,val_directional_accuracy_pct,test_directional_accuracy_pct,tr_undershooting_pct,val_undershooting_pct,test_undershooting_pct,seconds,model_path
0,0,0.09776263061781795,0.10315981116905318,0.08542439679614945,0.2378092809326098,0.24708273037405756,0.22558487033449132,87.15861461850767,84.37533551839178,81.950622220001,-0.0002805939381241847,-0.0007747399448417845,0.00031374698310955617,161.73847651481628,/orcd/home/002/corte911/code/finNN_code/src/volatility/experiments/exp_228_cnn_100_adam_snr/trial_20260219_004000/fold_000/model_best.pt
