trial,fold,tr_loss,val_loss,test_loss,tr_mae,val_mae,test_mae,tr_directional_accuracy_pct,val_directional_accuracy_pct,test_directional_accuracy_pct,tr_undershooting_pct,val_undershooting_pct,test_undershooting_pct,seconds,model_path
14,0,0.5642597455002281,0.5530030571885127,0.4547842077039657,0.5811462128589503,0.5792934140057688,0.5279278516741971,75.31352809771099,73.9291937998716,69.6891792597314,0.0004081258647501142,-0.0002674380751219092,0.0004768976735997385,151.4458019733429,/orcd/home/002/corte911/code/finNN_code/src/volatility/experiments/exp_220_lstm_100_sgd_v4/trial_000_014/fold_000/model_best.pt
