trial,fold,tr_loss,val_loss,test_loss,tr_mae,val_mae,test_mae,tr_directional_accuracy_pct,val_directional_accuracy_pct,test_directional_accuracy_pct,tr_undershooting_pct,val_undershooting_pct,test_undershooting_pct,seconds,model_path
49,0,0.43364059970862295,0.4286313822778795,0.3831554954093805,0.5126079845409099,0.5083764104310453,0.4844547038879981,78.22489773419595,77.71537826568552,73.16105843713206,5.0088143915187844e-05,-0.0006329678727314546,2.4956699816358887e-05,406.08943700790405,/orcd/home/002/corte911/code/finNN_code/src/volatility/experiments/exp_168_cnn_100_muon_icml_2/trial_000_049/fold_000/model_best.pt
