trial,fold,tr_loss,val_loss,test_loss,tr_mae,val_mae,test_mae,tr_directional_accuracy_pct,val_directional_accuracy_pct,test_directional_accuracy_pct,seconds,model_path
0,0,1.0000038146972656,0.35587531328201294,0.26416292786598206,0.658049464225769,0.4050010144710541,0.3473883271217346,48.50676655769348,53.316283226013184,51.477110385894775,87.7196741104126,/orcd/home/002/corte911/code/finNN_code/src/price_prediction/experiments/exp_010_mlp_60_windows/trial_20251020_023435/fold_000/model_best.pt
0,1,1.0000007152557373,0.34532275795936584,0.34004977345466614,0.6442288160324097,0.397163987159729,0.3795999586582184,50.94341039657593,49.47630763053894,50.569772720336914,81.3409411907196,/orcd/home/002/corte911/code/finNN_code/src/price_prediction/experiments/exp_010_mlp_60_windows/trial_20251020_023435/fold_001/model_best.pt
