trial,fold,tr_loss,val_loss,test_loss,tr_mae,val_mae,test_mae,tr_directional_accuracy_pct,val_directional_accuracy_pct,test_directional_accuracy_pct,tr_undershooting_pct,val_undershooting_pct,test_undershooting_pct,seconds,model_path
36,0,0.4268547374957874,0.4237939122892417,0.38007669028481994,0.5088152814281492,0.5055342692092315,0.4830603814388683,78.3520844817082,77.83549340689578,73.27561327561328,-0.0002607293157879921,-0.0006225573396634631,-0.0002980375955251287,155.7547698020935,/orcd/home/002/corte911/code/finNN_code/src/volatility/experiments/exp_169_cnn_100_muon_icml_3/trial_000_036/fold_000/model_best.pt
