Model,Train MSE,Test MSE,Train Acc,Test Acc
MLP,0.1706962941964559,0.17840600234569018,90.65848933251826,90.36961715802495
OLS,0.16357664228092708,0.16943164404618577,92.04379693491444,91.68005999639212
