Model,Train MSE,Test MSE,Train Acc,Test Acc,Train MSE Std,Test MSE Std,Train Acc Std,Test Acc Std
MLP,0.1706962941964559,0.17840600234569018,90.65848933251826,90.36961715802495,0.001755934218604672,0.01865031365854589,0.7142823847151513,0.8957892156106089
OLS,0.16357664228092708,0.16943164404618577,92.04379693491444,91.68005999639212,0.0027780660093433577,0.0025095463212687994,0.08078239205291066,0.10093571618457653
