trial,fold,tr_loss,val_loss,test_loss,tr_mae,val_mae,test_mae,tr_directional_accuracy_pct,val_directional_accuracy_pct,test_directional_accuracy_pct,tr_undershooting_pct,val_undershooting_pct,test_undershooting_pct,seconds,model_path
2,0,0.4451814709219769,0.4305102643170438,0.38296501982896874,0.5192074285442626,0.5091680194714597,0.484222208458932,78.12747686326844,77.76829242480898,73.20248939880841,4.8776300482810944e-05,-0.0005070476306278805,-0.00011040333899105562,756.5535750389099,/orcd/home/002/corte911/code/finNN_code/src/volatility/experiments/exp_036_lstm_100_muon_lr/trial_000_002/fold_000/model_best.pt
