trial,fold,tr_loss,val_loss,test_loss,tr_mae,val_mae,test_mae,tr_directional_accuracy_pct,val_directional_accuracy_pct,test_directional_accuracy_pct,seconds,model_path
0,0,0.8146708653223635,0.8014699703984685,0.814808911759922,0.7225824659780338,0.72076184385008,0.7265399781427221,64.6344938565466,67.92634107285829,64.4402436462928,84.73909640312195,/orcd/home/002/corte911/code/finNN_code/src/volatility/experiments/exp_017_debug/trial_20251108_002511/fold_000/model_best.pt
0,1,1.0000233190876289,1.0063517040413335,0.9927733469339031,0.8030815645432021,0.8060036303466893,0.8074380503712252,50.728115083094686,55.573339775918825,59.95997816991086,72.54965138435364,/orcd/home/002/corte911/code/finNN_code/src/volatility/experiments/exp_017_debug/trial_20251108_002511/fold_001/model_best.pt
0,2,0.748696830967907,0.7672629933837499,0.8195179379961561,0.6908870955939744,0.6974098257015445,0.7239238130926169,67.10833593506088,67.44398520774418,69.05498690787908,130.53788232803345,/orcd/home/002/corte911/code/finNN_code/src/volatility/experiments/exp_017_debug/trial_20251108_002511/fold_002/model_best.pt
0,3,0.739994859429443,0.8023142697338314,0.7922209717730228,0.6875304366707153,0.7143497206289557,0.7067482401065449,67.4628645364251,68.59071729957806,68.22678843226788,57.11189532279968,/orcd/home/002/corte911/code/finNN_code/src/volatility/experiments/exp_017_debug/trial_20251108_002511/fold_003/model_best.pt
0,4,0.8692832538066017,0.9325246810913086,0.9025344252586365,0.7519459715694055,0.7836180715849905,0.7629906618194745,62.532047369063605,62.38636363636363,60.9100758396533,26.768251657485962,/orcd/home/002/corte911/code/finNN_code/src/volatility/experiments/exp_017_debug/trial_20251108_002511/fold_004/model_best.pt
0,5,0.8621178816877757,0.8908921480178833,0.8633332252502441,0.7480995692270175,0.7553467648386896,0.7517375442216981,62.73315569090217,60.936721474838066,64.5754716981132,11.111506700515747,/orcd/home/002/corte911/code/finNN_code/src/volatility/experiments/exp_017_debug/trial_20251108_002511/fold_005/model_best.pt
