trial,fold,tr_loss,val_loss,test_loss,tr_mae,val_mae,test_mae,tr_directional_accuracy_pct,val_directional_accuracy_pct,test_directional_accuracy_pct,tr_undershooting_pct,val_undershooting_pct,test_undershooting_pct,seconds,model_path
1,0,0.44864968422232576,0.44052535805245585,0.3912009016605018,0.5204183588197003,0.5129137707245746,0.48714113690448524,77.85546433026778,77.56845328385272,72.86679237599483,0.001041785267730264,0.00036010554322628605,0.0012643595922273868,557.8527095317841,/orcd/home/002/corte911/code/finNN_code/src/volatility/experiments/exp_019_lstm_100_search/trial_000_001/fold_000/model_best.pt
