trial,fold,tr_loss,val_loss,test_loss,tr_mae,val_mae,test_mae,tr_directional_accuracy_pct,val_directional_accuracy_pct,test_directional_accuracy_pct,tr_undershooting_pct,val_undershooting_pct,test_undershooting_pct,seconds,model_path
0,0,0.150033749157995,0.1524118953333935,0.12577801767527144,0.3020206759096715,0.3066676946430595,0.28053603636691277,83.90790372758714,80.63793490022519,78.37894477791578,-0.0028678914206217198,-0.002677843665094919,-0.002475932394448977,578.6048393249512,/orcd/home/002/corte911/code/finNN_code/src/volatility/experiments/exp_229_transformer_100_sgd_snr/trial_20260219_020320/fold_000/model_best.pt
