trial,fold,tr_loss,val_loss,test_loss,tr_mae,val_mae,test_mae,tr_directional_accuracy_pct,val_directional_accuracy_pct,test_directional_accuracy_pct,tr_undershooting_pct,val_undershooting_pct,test_undershooting_pct,seconds,model_path
10,0,0.4610045232240987,0.4354401098834835,0.38684192045127813,0.527679097040774,0.5117607514750373,0.4864150278149871,78.14436160027851,77.75135989388947,73.23506759089581,0.0005579823585647928,-0.00032859136243804083,0.00022096444225692044,442.697628736496,/orcd/home/002/corte911/code/finNN_code/src/volatility/experiments/exp_046_lstm_100_muon_test/trial_000_010/fold_000/model_best.pt
