trial,fold,tr_loss,val_loss,test_loss,tr_mae,val_mae,test_mae,tr_directional_accuracy_pct,val_directional_accuracy_pct,test_directional_accuracy_pct,tr_undershooting_pct,val_undershooting_pct,test_undershooting_pct,seconds,model_path
0,0,0.45775636117498253,0.45446507185536705,0.4034619854291829,0.5257225915830847,0.5212367300176843,0.49681322815758927,77.89068438306884,77.1001629756101,72.5734115918165,0.00011757038921250068,6.120029138113683e-05,0.00016118735617173956,106.73588132858276,/orcd/home/002/corte911/code/finNN_code/src/volatility/experiments/exp_207_cnn_100_sgd_seeds/trial_20260126_022506/fold_000/model_best.pt
