trial,fold,tr_loss,val_loss,test_loss,tr_mae,val_mae,test_mae,tr_directional_accuracy_pct,val_directional_accuracy_pct,test_directional_accuracy_pct,tr_undershooting_pct,val_undershooting_pct,test_undershooting_pct,seconds,model_path
14,0,1.00016953267867,0.9621993120306027,1.1875770525745926,0.7495399631797666,0.7224358760303995,0.8267836911411679,49.87205943045811,51.114459084123986,50.74443539630836,-0.00019283595304843954,0.00013337877310585667,3.541478468560241e-05,166.1322796344757,/orcd/home/002/corte911/code/finNN_code/src/price_prediction/experiments/exp_025_lstm_100_lr/trial_000_014/fold_000/model_best.pt
