trial,fold,tr_loss,val_loss,test_loss,tr_mae,val_mae,test_mae,tr_directional_accuracy_pct,val_directional_accuracy_pct,test_directional_accuracy_pct,tr_undershooting_pct,val_undershooting_pct,test_undershooting_pct,seconds,model_path
2,0,0.5301115748429168,0.5271422055735167,0.44623509309222587,0.568068788655658,0.5711997939710048,0.527647568147652,75.7998781513824,74.18812041851572,69.72937083366531,-0.001702050075175754,-0.002419616321904473,-0.0019599097462725335,150.41606497764587,/orcd/home/002/corte911/code/finNN_code/src/volatility/experiments/exp_219_lstm_100_sgd_v3/trial_000_002/fold_000/model_best.pt
