trial,fold,tr_loss,val_loss,test_loss,tr_mae,val_mae,test_mae,tr_directional_accuracy_pct,val_directional_accuracy_pct,test_directional_accuracy_pct,tr_undershooting_pct,val_undershooting_pct,test_undershooting_pct,seconds,model_path
19,0,0.4592515877029901,0.45713871476282514,0.4029527010731735,0.5272343697019877,0.5240730090413762,0.497418589446724,77.8702602338333,77.06224116157162,72.50258943510477,-0.0004895590138727948,-0.0005245992386623435,-0.0003326474245171693,119.21594643592834,/orcd/home/002/corte911/code/finNN_code/src/volatility/experiments/exp_167_cnn_100_muon_icml/trial_000_019/fold_000/model_best.pt
