trial,fold,tr_loss,val_loss,test_loss,tr_mae,val_mae,test_mae,tr_directional_accuracy_pct,val_directional_accuracy_pct,test_directional_accuracy_pct,tr_undershooting_pct,val_undershooting_pct,test_undershooting_pct,seconds,model_path
20,0,0.43666374891869286,0.4276342652023992,0.38260487072077903,0.513854500247845,0.5062746904321885,0.483336306878353,78.19948359395399,77.76529395579199,73.21948671641923,0.0004513058028411622,-5.1227324000817125e-05,0.0003918352895167203,467.6873834133148,/orcd/home/002/corte911/code/finNN_code/src/volatility/experiments/exp_020_cnn_100_search/trial_000_020/fold_000/model_best.pt
