trial,fold,tr_loss,val_loss,test_loss,tr_mae,val_mae,test_mae,tr_directional_accuracy_pct,val_directional_accuracy_pct,test_directional_accuracy_pct,tr_undershooting_pct,val_undershooting_pct,test_undershooting_pct,seconds,model_path
14,0,0.4568502435043976,0.4576647398300073,0.4006149604571083,0.5252096586391486,0.5248298042425525,0.4958835252516953,77.71499028112217,76.73099852545876,72.27153214883276,-0.00026650083653315186,-0.0006433496629871616,-0.0003014649371325625,289.3940978050232,/orcd/home/002/corte911/code/finNN_code/src/volatility/experiments/exp_168_cnn_100_muon_icml_2/trial_000_014/fold_000/model_best.pt
