trial,fold,tr_loss,val_loss,test_loss,tr_mae,val_mae,test_mae,tr_directional_accuracy_pct,val_directional_accuracy_pct,test_directional_accuracy_pct,tr_undershooting_pct,val_undershooting_pct,test_undershooting_pct,seconds,model_path
8,0,0.4392976859522058,0.42943664599476244,0.38403516321233794,0.5152197907336121,0.5067971154821069,0.48345287165863277,78.11204270503931,77.79069275217124,73.20125001106597,0.0007072121623415332,0.00012823608854675714,0.0007526343488432781,586.6589345932007,/orcd/home/002/corte911/code/finNN_code/src/volatility/experiments/exp_019_lstm_100_search/trial_000_008/fold_000/model_best.pt
