trial,fold,tr_loss,val_loss,test_loss,tr_mae,val_mae,test_mae,tr_directional_accuracy_pct,val_directional_accuracy_pct,test_directional_accuracy_pct,tr_undershooting_pct,val_undershooting_pct,test_undershooting_pct,seconds,model_path
7,0,1.0000318691522923,0.8892586731857046,0.6603333087229359,0.7944755619406205,0.7607651667051626,0.6464737534055498,47.7082015724274,32.93694748798848,47.3272603333953,-0.0006366332180662094,-0.004336917158727043,-0.0007238769638049636,119.17000603675842,/orcd/home/002/corte911/code/finNN_code/src/volatility/experiments/exp_032_cnn_100_muon/trial_000_007/fold_000/model_best.pt
