trial,fold,tr_loss,val_loss,test_loss,tr_mae,val_mae,test_mae,tr_directional_accuracy_pct,val_directional_accuracy_pct,test_directional_accuracy_pct,tr_undershooting_pct,val_undershooting_pct,test_undershooting_pct,seconds,model_path
1,0,1.0000003494882528,0.9618868073938124,1.187435751422091,0.749418279827188,0.7226239857033016,0.8268948466977131,49.87205943045811,51.114459084123986,50.74443539630836,-3.5075800036420154e-05,0.00029772885117347234,0.00017701827159533672,70.8712306022644,/orcd/home/002/corte911/code/finNN_code/src/price_prediction/experiments/exp_026_cnn_100_lr/trial_000_001/fold_000/model_best.pt
