trial,fold,tr_loss,val_loss,test_loss,tr_mae,val_mae,test_mae,tr_directional_accuracy_pct,val_directional_accuracy_pct,test_directional_accuracy_pct,tr_undershooting_pct,val_undershooting_pct,test_undershooting_pct,seconds,model_path
5,0,1.0002441462313885,0.9622999357259796,1.1876476640162845,0.749584865966173,0.7224150355693449,0.8267806095616178,49.87205943045811,51.114459084123986,50.74443539630836,-0.0002242127024959192,0.00010018950670927678,6.727243285225735e-06,14.156658172607422,/orcd/home/002/corte911/code/finNN_code/src/price_prediction/experiments/exp_024_mlp_100_lr/trial_000_005/fold_000/model_best.pt
