trial,fold,tr_loss,val_loss,test_loss,tr_mae,val_mae,test_mae,tr_directional_accuracy_pct,val_directional_accuracy_pct,test_directional_accuracy_pct,tr_undershooting_pct,val_undershooting_pct,test_undershooting_pct,seconds,model_path
12,0,1.0001580893125066,0.9621795149402014,1.1875680693715456,0.7495327033399997,0.7224384829214865,0.8267867826612971,49.87205943045811,51.114459084123986,50.74443539630836,-0.00018649149721001944,0.00014014845348740235,4.354078397478395e-05,14.159066915512085,/orcd/home/002/corte911/code/finNN_code/src/price_prediction/experiments/exp_024_mlp_100_lr/trial_000_012/fold_000/model_best.pt
