trial,fold,tr_loss,val_loss,test_loss,tr_mae,val_mae,test_mae,tr_directional_accuracy_pct,val_directional_accuracy_pct,test_directional_accuracy_pct,tr_undershooting_pct,val_undershooting_pct,test_undershooting_pct,seconds,model_path
0,0,0.15078817719979123,0.15068313652083634,0.12093954794226448,0.29812575268860386,0.3048458093966379,0.2718660014107684,83.49689261453968,80.13438304634107,77.60911436007643,-0.0008427282884221842,-0.0015666906382150773,-0.00020560895666075222,117.01561141014099,/orcd/home/002/corte911/code/finNN_code/src/volatility/experiments/exp_228_cnn_100_adam_snr/trial_20260219_005859/fold_000/model_best.pt
