trial,fold,tr_loss,val_loss,test_loss,tr_mae,val_mae,test_mae,tr_directional_accuracy_pct,val_directional_accuracy_pct,test_directional_accuracy_pct,seconds,model_path
0,0,1.7005088466248708e-06,3.968451949276641e-07,2.3426855477737263e-07,0.00040934793651103973,0.00021569117961917073,0.0001645062438910827,99.99279379844666,99.99271631240845,100.0,31.029888153076172,/orcd/home/002/corte911/code/finNN_code/src/volatility/experiments/exp_007_mlp_40/trial_20251029_195326/fold_000/model_best.pt
0,1,1.2073650168531458e-06,2.1798963700803142e-07,2.3270371229955344e-07,0.00032619244302622974,0.00018022742005996406,0.00016592077736277133,99.99244213104248,100.0,99.99603629112244,27.714149713516235,/orcd/home/002/corte911/code/finNN_code/src/volatility/experiments/exp_007_mlp_40/trial_20251029_195326/fold_001/model_best.pt
