trial,fold,tr_loss,val_loss,test_loss,tr_mae,val_mae,test_mae,tr_directional_accuracy_pct,val_directional_accuracy_pct,test_directional_accuracy_pct,tr_undershooting_pct,val_undershooting_pct,test_undershooting_pct,seconds,model_path
15,0,0.46929675825319556,0.46183744917978037,0.40718291440298304,0.5331146956493062,0.5289478714990118,0.5005680815329013,77.64530447648612,76.68020093270025,72.11678573641764,-0.0005033444101475885,-0.001031728251188503,-0.00042393738297805985,247.36895728111267,/orcd/home/002/corte911/code/finNN_code/src/volatility/experiments/exp_168_cnn_100_muon_icml_2/trial_000_015/fold_000/model_best.pt
