trial,fold,tr_loss,val_loss,test_loss,tr_mae,val_mae,test_mae,tr_directional_accuracy_pct,val_directional_accuracy_pct,test_directional_accuracy_pct,tr_undershooting_pct,val_undershooting_pct,test_undershooting_pct,seconds,model_path
21,0,0.42614817076132766,0.42339964014192394,0.38016219712545624,0.5083393022619737,0.5051758171203569,0.4830025894523953,78.37883315442862,77.85013299091993,73.27561327561328,-0.0001867561525151563,-0.0005541674658777127,-0.00020940341659900794,187.43240308761597,/orcd/home/002/corte911/code/finNN_code/src/volatility/experiments/exp_169_cnn_100_muon_icml_3/trial_000_021/fold_000/model_best.pt
