trial,fold,tr_loss,val_loss,test_loss,tr_mae,val_mae,test_mae,tr_directional_accuracy_pct,val_directional_accuracy_pct,test_directional_accuracy_pct,tr_undershooting_pct,val_undershooting_pct,test_undershooting_pct,seconds,model_path
11,0,0.43314404395898704,0.4258441097217987,0.3799249411301519,0.5130210874207168,0.5074343267506236,0.4831581167932059,78.2397516609127,77.79951177869182,73.32023123434166,-0.0006085495150028049,-0.0009421552821944101,-0.0005940379415721102,115.78243064880371,/orcd/home/002/corte911/code/finNN_code/src/volatility/experiments/exp_021_mlp_100_search/trial_000_011/fold_000/model_best.pt
