trial,fold,tr_loss,val_loss,test_loss,tr_mae,val_mae,test_mae,tr_directional_accuracy_pct,val_directional_accuracy_pct,test_directional_accuracy_pct,tr_undershooting_pct,val_undershooting_pct,test_undershooting_pct,seconds,model_path
16,0,0.43303707476629766,0.42303387679203847,0.37983442607101486,0.5125148418007848,0.5047160235221626,0.48222964065294155,78.19838115408048,77.89669745094858,73.3258970068786,-9.399156885291797e-05,-0.0005894772117737525,-0.00017783590768758652,1030.1785502433777,/orcd/home/002/corte911/code/finNN_code/src/volatility/experiments/exp_200_transformer_100_sgd_v2/trial_000_016/fold_000/model_best.pt
