trial,fold,tr_loss,val_loss,test_loss,tr_mae,val_mae,test_mae,tr_directional_accuracy_pct,val_directional_accuracy_pct,test_directional_accuracy_pct,tr_undershooting_pct,val_undershooting_pct,test_undershooting_pct,seconds,model_path
10,0,0.42862958336887025,0.42331875547705605,0.37924571319161204,0.5098090270537475,0.5051044142252386,0.4822720812107435,78.31378920189155,77.85560078736269,73.27224922316947,-0.000176530157694213,-0.0005255705438660627,-0.0001392988248237346,630.839955329895,/orcd/home/002/corte911/code/finNN_code/src/volatility/experiments/exp_020_cnn_100_search/trial_000_010/fold_000/model_best.pt
