trial,fold,tr_loss,val_loss,test_loss,tr_mae,val_mae,test_mae,tr_directional_accuracy_pct,val_directional_accuracy_pct,test_directional_accuracy_pct,tr_undershooting_pct,val_undershooting_pct,test_undershooting_pct,seconds,model_path
4,0,1.0007476756480627,0.9629354417663707,1.1881263471193344,0.749874768621549,0.7224178771426851,0.8268311540932919,49.87205943045811,51.114459084123986,50.74443539630836,-0.00037278093779629615,-5.385639046813713e-05,-0.00011530679010510056,11.538587093353271,/orcd/home/002/corte911/code/finNN_code/src/price_prediction/experiments/exp_024_mlp_100_lr/trial_000_004/fold_000/model_best.pt
