trial,fold,tr_loss,val_loss,test_loss,tr_mae,val_mae,test_mae,tr_directional_accuracy_pct,val_directional_accuracy_pct,test_directional_accuracy_pct,tr_undershooting_pct,val_undershooting_pct,test_undershooting_pct,seconds,model_path
0,0,0.4717343097940922,0.46313127103729684,0.4053605073736796,0.5371522400279508,0.5314882797187276,0.5018457804138282,77.64507238388117,76.92642815315475,72.35988278933064,-0.0019893929988708692,-0.0018720285104878848,-0.0019659169444952657,251.46031141281128,/orcd/home/002/corte911/code/finNN_code/src/volatility/experiments/exp_044_mlp_100_sgd_test/trial_000_000/fold_000/model_best.pt
