trial,fold,tr_loss,val_loss,test_loss,tr_mae,val_mae,test_mae,tr_directional_accuracy_pct,val_directional_accuracy_pct,test_directional_accuracy_pct,tr_undershooting_pct,val_undershooting_pct,test_undershooting_pct,seconds,model_path
19,0,0.6092783914238622,0.6104727260745443,0.5081685859340249,0.6153595862971982,0.6234396472262618,0.5685238597183214,73.60735733557689,71.04590126923429,66.97421188218735,-0.0031223067166845455,-0.00396581021473751,-0.0037457006165205393,151.6849377155304,/orcd/home/002/corte911/code/finNN_code/src/volatility/experiments/exp_220_lstm_100_sgd_v4/trial_000_019/fold_000/model_best.pt
