trial,fold,tr_loss,val_loss,test_loss,tr_mae,val_mae,test_mae,tr_directional_accuracy_pct,val_directional_accuracy_pct,test_directional_accuracy_pct,tr_undershooting_pct,val_undershooting_pct,test_undershooting_pct,seconds,model_path
0,0,0.6491239453273708,0.6027503774612014,0.4940747567512718,0.6235039391996704,0.6070228566809803,0.5494644052785469,73.33929037686036,72.71005157366709,67.90322152285343,0.0014045407725444311,-7.049797088235169e-05,0.0018222934447771019,150.83981728553772,/orcd/home/002/corte911/code/finNN_code/src/volatility/experiments/exp_218_lstm_100_sgd_v2/trial_000_000/fold_000/model_best.pt
