trial,fold,tr_loss,val_loss,test_loss,tr_mae,val_mae,test_mae,tr_directional_accuracy_pct,val_directional_accuracy_pct,test_directional_accuracy_pct,tr_undershooting_pct,val_undershooting_pct,test_undershooting_pct,seconds,model_path
3,0,1.000002801392781,0.8865191778535713,0.6601319967382826,0.7942816903866518,0.7593977505908472,0.6462468735199276,47.7082015724274,32.93694748798848,47.3272603333953,-0.0005972793780189639,-0.004297498998927319,-0.0006741541506030288,150.00919461250305,/orcd/home/002/corte911/code/finNN_code/src/volatility/experiments/exp_218_lstm_100_sgd_v2/trial_000_003/fold_000/model_best.pt
