fold,OLS_train,OLS_val,OLS_test,OLS_train_diracc,OLS_val_diracc,OLS_test_diracc,OLS_train_us,OLS_val_us,OLS_test_us,OLS_alpha_train,OLS_beta_train,OLS_r2_train,OLS_alpha,OLS_beta,OLS_r2_test,var_train,var_val,var_test,LASSO_train,LASSO_val,LASSO_test,LASSO_train_diracc,LASSO_val_diracc,LASSO_test_diracc,LASSO_alpha_train,LASSO_beta_train,LASSO_r2_train,LASSO_alpha,LASSO_beta,LASSO_r2_test,LASSO_train_us,LASSO_val_us,LASSO_test_us,NN_train,NN_val,NN_test,NN_train_diracc,NN_val_diracc,NN_test_diracc,NN_alpha_train,NN_beta_train,NN_r2_train,NN_alpha,NN_beta,NN_r2_test,NN_train_us,NN_val_us,NN_test_us,normalized
0,0.4470898395055774,,0.575162623288809,77.51398660324851,,72.99108526102391,48.72764915914471,,48.347807611611294,-1.5959455978986625e-16,0.9999999999999992,0.5529101604944227,-0.0016089462437427534,0.9638471531305485,0.42546014269818055,0.9999999999999998,,0.68386633703817,0.4520902588962938,,0.5771468257224658,77.46844882523011,,72.96098584442142,-1.5959455978986625e-16,1.0942220014798103,0.5520026770579524,0.0008428121084364188,1.0504439436396018,0.42385252109215454,48.731927876542414,,48.885524836445086,0.4527428075712955,,0.5829111333231075,77.43587818054965,,72.80623943200631,-0.03450030901950262,1.029913263270691,0.5488423187043509,-0.027434089962941104,0.9843772099756847,0.4184141868597211,46.615185255365205,,46.689329756814416,True
