trial,fold,tr_loss,val_loss,test_loss,tr_mae,val_mae,test_mae,tr_directional_accuracy_pct,val_directional_accuracy_pct,test_directional_accuracy_pct,seconds,model_path
0,0,1.0000065443057196,1.553165316581726,1.0180390892896947,0.7673500432574312,0.9660964396716608,0.772585164878263,49.32231171898408,47.67293592604399,50.36479250334672,121.0883994102478,/orcd/home/002/corte911/code/finNN_code/src/price_prediction/experiments/exp_018_debug/trial_20251106_234037/fold_000/model_best.pt
0,1,1.0000430313023052,1.011648898177762,0.9727597831135709,0.7659274586664856,0.7692319270696546,0.7541888529681118,49.49774440859107,50.306949870325994,51.28808225926927,129.72399997711182,/orcd/home/002/corte911/code/finNN_code/src/price_prediction/experiments/exp_018_debug/trial_20251106_234037/fold_001/model_best.pt
0,2,1.000180304918638,0.9598587485354847,1.103045212960747,0.762331427348659,0.7486609840275388,0.796836400207635,50.08223337409859,52.01119588280439,50.56205394805846,125.90856266021729,/orcd/home/002/corte911/code/finNN_code/src/price_prediction/experiments/exp_018_debug/trial_20251106_234037/fold_002/model_best.pt
0,3,1.0000403063241234,1.107938477532086,0.8640216220544072,0.7623464315808876,0.798508959172522,0.6958163852409395,50.421685675141894,49.52738424919323,51.242651530508816,117.31980681419373,/orcd/home/002/corte911/code/finNN_code/src/price_prediction/experiments/exp_018_debug/trial_20251106_234037/fold_003/model_best.pt
0,4,1.0000366233170148,0.8752499960533893,1.086334228515625,0.7696979353021193,0.7148326366512103,0.805261719491646,50.223360785891224,51.411505815781204,53.692804252895385,51.28198742866516,/orcd/home/002/corte911/code/finNN_code/src/price_prediction/experiments/exp_018_debug/trial_20251106_234037/fold_004/model_best.pt
0,5,1.0000068736073857,1.13986337184906,1.260110855102539,0.7677971449091774,0.8245226564192483,0.8879787823561176,50.25662511783806,53.29289428076257,48.717948717948715,29.052734851837158,/orcd/home/002/corte911/code/finNN_code/src/price_prediction/experiments/exp_018_debug/trial_20251106_234037/fold_005/model_best.pt
