trial,fold,tr_loss,val_loss,test_loss,tr_mae,val_mae,test_mae,tr_directional_accuracy_pct,val_directional_accuracy_pct,test_directional_accuracy_pct,tr_undershooting_pct,val_undershooting_pct,test_undershooting_pct,seconds,model_path
7,0,0.4401825724903765,0.43119053921495554,0.3844660908624103,0.5167267946209365,0.5091381409282643,0.4859365831677589,78.03643853897705,77.6476481420075,73.11484697987765,-0.0003135756473911452,-0.00039596773144124617,-0.0006100736842519631,700.6933968067169,/orcd/home/002/corte911/code/finNN_code/src/volatility/experiments/exp_046_lstm_100_muon_test/trial_000_007/fold_000/model_best.pt
