trial,fold,tr_loss,val_loss,test_loss,tr_mae,val_mae,test_mae,tr_directional_accuracy_pct,val_directional_accuracy_pct,test_directional_accuracy_pct,tr_undershooting_pct,val_undershooting_pct,test_undershooting_pct,seconds,model_path
23,0,0.4358971585406796,0.42760874042192126,0.38078609568537947,0.5139016686359029,0.5073461112943509,0.4833996214714797,78.19368127883025,77.66846104459606,73.2471073575368,-0.00021090427513391488,-0.0005259086346123166,-0.00035150044201877985,272.2930030822754,/orcd/home/002/corte911/code/finNN_code/src/volatility/experiments/exp_044_mlp_100_sgd_test/trial_000_023/fold_000/model_best.pt
