trial,fold,tr_loss,val_loss,test_loss,tr_mae,val_mae,test_mae,tr_directional_accuracy_pct,val_directional_accuracy_pct,test_directional_accuracy_pct,tr_undershooting_pct,val_undershooting_pct,test_undershooting_pct,seconds,model_path
2,0,0.5526911796322448,0.5451532667457751,0.4463765560478363,0.5762819637300908,0.577089068399102,0.5246013828683139,75.31596507006296,73.79673202153253,70.0436441540736,-0.00020103940553849704,-0.0008439808636711374,-0.00044999257760215965,180.8076913356781,/orcd/home/002/corte911/code/finNN_code/src/volatility/experiments/exp_177_transformer_100_adam/trial_000_002/fold_000/model_best.pt
2,0,0.553042987800702,0.5430546505896504,0.44631447357530674,0.5761609136391124,0.5759645744803168,0.5245376667018011,75.28544489251212,73.80660933123558,70.04930992661053,-5.821850347630975e-05,-0.000802753315452734,-0.0003094278697242136,504.9935190677643,/orcd/home/002/corte911/code/finNN_code/src/volatility/experiments/exp_177_transformer_100_adam/trial_000_002/fold_000/model_best.pt
2,0,0.5548640423198155,0.5419424538459665,0.4467372027298322,0.5765091332916443,0.5744062223509739,0.5243028720597739,75.27244770663495,73.85158636649052,70.07250418293363,0.0002204302798128442,-0.0005273150454385743,-3.5205620181276735e-05,466.5515432357788,/orcd/home/002/corte911/code/finNN_code/src/volatility/experiments/exp_177_transformer_100_adam/trial_000_002/fold_000/model_best.pt
2,0,0.5554779533305967,0.545025882321685,0.4469552143632425,0.577363827271085,0.5771817921951284,0.5247944821759167,75.28358815167252,73.82918603912826,70.07303534910896,1.600911088205476e-05,-0.0008153273181090249,-0.00020391999599290062,463.9391508102417,/orcd/home/002/corte911/code/finNN_code/src/volatility/experiments/exp_177_transformer_100_adam/trial_000_002/fold_000/model_best.pt
