trial,fold,tr_loss,val_loss,test_loss,tr_mae,val_mae,test_mae,tr_directional_accuracy_pct,val_directional_accuracy_pct,test_directional_accuracy_pct,tr_undershooting_pct,val_undershooting_pct,test_undershooting_pct,seconds,model_path
7,0,0.4677883718921883,0.46436362148196675,0.40024453495073276,0.5312050649224666,0.5301718496780257,0.4961811542413896,77.54155908207375,76.54103669420554,72.25400366504661,-0.00034701673053997217,-0.0009372110559051199,-0.0005461146220179514,54.256943702697754,/orcd/home/002/corte911/code/finNN_code/src/volatility/experiments/exp_043_mlp_100_sgd/trial_000_007/fold_000/model_best.pt
