trial,fold,tr_loss,val_loss,test_loss,tr_mae,val_mae,test_mae,tr_directional_accuracy_pct,val_directional_accuracy_pct,test_directional_accuracy_pct,tr_undershooting_pct,val_undershooting_pct,test_undershooting_pct,seconds,model_path
3,0,1.0000009459890886,0.8847089737016849,0.6600152274841895,0.7941594626920203,0.7584925136902985,0.6461042609348303,52.2917984275726,67.06305251201151,52.6727396666047,-0.0005714713743791356,-0.004270775269331332,-0.0006429244357755532,151.50843787193298,/orcd/home/002/corte911/code/finNN_code/src/volatility/experiments/exp_220_lstm_100_sgd_v4/trial_000_003/fold_000/model_best.pt
