trial,fold,tr_loss,val_loss,test_loss,tr_mae,val_mae,test_mae,tr_directional_accuracy_pct,val_directional_accuracy_pct,test_directional_accuracy_pct,tr_undershooting_pct,val_undershooting_pct,test_undershooting_pct,seconds,model_path
15,0,0.4346359678224192,0.4270599860181818,0.38185802553327947,0.5131184689956918,0.5069735125912549,0.48297674524398787,78.21880530331602,77.8266743803752,73.21311272231517,0.00037994143780876506,-0.00034362865774903277,0.0004386189202708744,546.4546182155609,/orcd/home/002/corte911/code/finNN_code/src/volatility/experiments/exp_020_cnn_100_search/trial_000_015/fold_000/model_best.pt
