trial,fold,tr_loss,val_loss,test_loss,tr_mae,val_mae,test_mae,tr_directional_accuracy_pct,val_directional_accuracy_pct,test_directional_accuracy_pct,tr_undershooting_pct,val_undershooting_pct,test_undershooting_pct,seconds,model_path
0,0,0.14520101552927236,0.14775807535522506,0.12098755246375262,0.287968467233149,0.29568390264301114,0.2689528059325577,84.710657135099,81.85553813042293,79.07649488618125,-0.0003702674755797308,-0.0006012981336337116,0.00026001867375814063,433.6013443470001,/orcd/home/002/corte911/code/finNN_code/src/volatility/experiments/exp_233_transformer_100_adam_snr/trial_20260219_055808/fold_000/model_best.pt
