trial,fold,tr_loss,val_loss,test_loss,tr_mae,val_mae,test_mae,tr_directional_accuracy_pct,val_directional_accuracy_pct,test_directional_accuracy_pct,tr_undershooting_pct,val_undershooting_pct,test_undershooting_pct,seconds,model_path
5,0,1.0000216554979258,0.9618491104748849,1.1874681850727424,0.749416093985992,0.7227518153213861,0.8269833244795908,50.12794056954189,48.885540915876014,49.25556460369164,3.179509639781862e-05,0.0003666376849182023,0.00023605601293774046,331.10538125038147,/orcd/home/002/corte911/code/finNN_code/src/price_prediction/experiments/exp_025_lstm_100_lr/trial_000_005/fold_000/model_best.pt
