trial,fold,tr_loss,val_loss,test_loss,tr_mae,val_mae,test_mae,tr_directional_accuracy_pct,val_directional_accuracy_pct,test_directional_accuracy_pct,tr_undershooting_pct,val_undershooting_pct,test_undershooting_pct,seconds,model_path
9,0,0.4272129400506399,0.4235158581970677,0.3796820900739276,0.5091245206007119,0.5056210429613641,0.48291558375854293,78.33224056398502,77.83549340689578,73.27242627856124,-0.0002992191936941467,-0.0007013848703122652,-0.00033612786913045996,252.3624701499939,/orcd/home/002/corte911/code/finNN_code/src/volatility/experiments/exp_169_cnn_100_muon_icml_3/trial_000_009/fold_000/model_best.pt
