trial,fold,tr_loss,val_loss,test_loss,tr_mae,val_mae,test_mae,tr_directional_accuracy_pct,val_directional_accuracy_pct,test_directional_accuracy_pct,tr_undershooting_pct,val_undershooting_pct,test_undershooting_pct,seconds,model_path
2,0,0.5393419679581657,0.5366304922021795,0.4455595184567556,0.572330783185616,0.5753353481341035,0.5258868028513111,76.05895152165714,74.67387239926907,70.24902840853761,-0.0014110016668568103,-0.002038558204188558,-0.0013626202498888509,1000.5264029502869,/orcd/home/002/corte911/code/finNN_code/src/volatility/experiments/exp_045_lstm_100_sgd_test/trial_000_002/fold_000/model_best.pt
