trial,fold,tr_loss,val_loss,test_loss,tr_mae,val_mae,test_mae,tr_directional_accuracy_pct,val_directional_accuracy_pct,test_directional_accuracy_pct,tr_undershooting_pct,val_undershooting_pct,test_undershooting_pct,seconds,model_path
9,0,0.43525747882496396,0.4277588033719209,0.3812263936425694,0.5140280837434996,0.5087409182801719,0.48381958856130874,78.16820911543707,77.66987208883934,73.18850202285785,-0.0003849812146594953,-0.000988940201653844,-0.00047221368012823696,292.18774461746216,/orcd/home/002/corte911/code/finNN_code/src/volatility/experiments/exp_020_cnn_100_search/trial_000_009/fold_000/model_best.pt
