trial,fold,tr_loss,val_loss,test_loss,tr_mae,val_mae,test_mae,tr_directional_accuracy_pct,val_directional_accuracy_pct,test_directional_accuracy_pct,tr_undershooting_pct,val_undershooting_pct,test_undershooting_pct,seconds,model_path
0,0,0.4463947140804252,0.43859271848664916,0.39107645635494726,0.5215224713210376,0.5166120557635866,0.491534352774707,77.94041022367925,77.34109878015225,72.82801724519516,-0.0014069634603870946,-0.0017332241608509324,-0.0014655895506179336,1309.5570034980774,/orcd/home/002/corte911/code/finNN_code/src/volatility/experiments/exp_213_lstm_100_sgd_seeds/trial_20260126_040230/fold_000/model_best.pt
