trial,fold,tr_loss,val_loss,test_loss,tr_mae,val_mae,test_mae,tr_directional_accuracy_pct,val_directional_accuracy_pct,test_directional_accuracy_pct,tr_undershooting_pct,val_undershooting_pct,test_undershooting_pct,seconds,model_path
19,0,0.43477481405107443,0.42642282032268713,0.3804081824513934,0.5133030434587736,0.5069321635002595,0.48238214128024326,78.20876729815197,77.82173572552368,73.26109473348737,0.00011673601929300147,-0.0005732668754050077,0.0001492535185229883,181.97462964057922,/orcd/home/002/corte911/code/finNN_code/src/volatility/experiments/exp_021_mlp_100_search/trial_000_019/fold_000/model_best.pt
