trial,fold,tr_loss,val_loss,test_loss,tr_mae,val_mae,test_mae,tr_directional_accuracy_pct,val_directional_accuracy_pct,test_directional_accuracy_pct,tr_undershooting_pct,val_undershooting_pct,test_undershooting_pct,seconds,model_path
11,0,0.5097497279208455,0.5054284904682357,0.4330139558558468,0.5527061186036275,0.552680527264241,0.5155748867537115,76.4462560561664,75.13016883144371,70.53019237068317,0.00016298922190947994,-0.0006035542406348288,2.1775641124872142e-05,64.66433668136597,/orcd/home/002/corte911/code/finNN_code/src/volatility/experiments/exp_216_cnn_100_sgd_v2/trial_000_011/fold_000/model_best.pt
