trial,fold,tr_loss,val_loss,test_loss,tr_mae,val_mae,test_mae,tr_directional_accuracy_pct,val_directional_accuracy_pct,test_directional_accuracy_pct,tr_undershooting_pct,val_undershooting_pct,test_undershooting_pct,seconds,model_path
1,0,0.46735290040311084,0.464584125222104,0.39948504191732914,0.5309313664882757,0.5301967326388644,0.4955615295324244,77.57782355159709,76.60100607454547,72.29809045759966,-0.00031296754997674187,-0.0009200127090185666,-0.00048534355662619794,47.48803782463074,/orcd/home/002/corte911/code/finNN_code/src/volatility/experiments/exp_044_mlp_100_sgd_test/trial_000_001/fold_000/model_best.pt
