trial,fold,tr_loss,val_loss,test_loss,tr_mae,val_mae,test_mae,tr_directional_accuracy_pct,val_directional_accuracy_pct,test_directional_accuracy_pct,tr_undershooting_pct,val_undershooting_pct,test_undershooting_pct,seconds,model_path
2,0,0.5218112605292262,0.521942821032967,0.44224721175979764,0.5620210736373852,0.5665536358276425,0.52430456307709,75.89370158693319,74.3010039579791,69.8039111536044,-0.0013034965047194693,-0.001909638774728969,-0.0015102521494896786,119.19031596183777,/orcd/home/002/corte911/code/finNN_code/src/volatility/experiments/exp_032_cnn_100_muon/trial_000_002/fold_000/model_best.pt
