trial,fold,tr_loss,val_loss,test_loss,tr_mae,val_mae,test_mae,tr_directional_accuracy_pct,val_directional_accuracy_pct,test_directional_accuracy_pct,tr_undershooting_pct,val_undershooting_pct,test_undershooting_pct,seconds,model_path
12,0,0.43841634126344364,0.431879455536142,0.3822568013917562,0.5152577917895881,0.5104107225796347,0.48430400580216054,78.18219269488526,77.5880315227284,73.18372152727981,-0.00022150133216988722,-0.0007239124647076758,-0.0003778894329958791,140.22841262817383,/orcd/home/002/corte911/code/finNN_code/src/volatility/experiments/exp_044_mlp_100_sgd_test/trial_000_012/fold_000/model_best.pt
