trial,fold,tr_loss,val_loss,test_loss,tr_mae,val_mae,test_mae,tr_directional_accuracy_pct,val_directional_accuracy_pct,test_directional_accuracy_pct,tr_undershooting_pct,val_undershooting_pct,test_undershooting_pct,seconds,model_path
0,0,0.4531419425499498,0.43476931478054087,0.3966419831710999,0.5236722856667857,0.5087312558911786,0.49088316716408165,78.03800516406046,77.7349565045612,72.88272736125496,0.001922495264363609,0.0010198642296375565,0.0016708021684894703,61.992961406707764,/orcd/home/002/corte911/code/finNN_code/src/volatility/experiments/exp_210_mlp_100_sgd_seeds/trial_20260126_013427/fold_000/model_best.pt
