trial,fold,tr_loss,val_loss,test_loss,tr_mae,val_mae,test_mae,tr_directional_accuracy_pct,val_directional_accuracy_pct,test_directional_accuracy_pct,tr_undershooting_pct,val_undershooting_pct,test_undershooting_pct,seconds,model_path
5,0,0.5787489990121601,0.5490279309653169,0.48686812491549014,0.5869897625969168,0.57109732403107,0.543402676627969,74.52783660680612,73.95723830420702,68.45935250843226,0.0028581850615662457,0.0018700169236388227,0.003103568384459288,150.61308598518372,/orcd/home/002/corte911/code/finNN_code/src/volatility/experiments/exp_218_lstm_100_sgd_v2/trial_000_005/fold_000/model_best.pt
