trial,fold,tr_loss,val_loss,test_loss,tr_mae,val_mae,test_mae,tr_directional_accuracy_pct,val_directional_accuracy_pct,test_directional_accuracy_pct,tr_undershooting_pct,val_undershooting_pct,test_undershooting_pct,seconds,model_path
15,0,0.4367887825296187,0.4284854211837125,0.38059974748671493,0.5139659273635141,0.5071489535163994,0.48258608782417733,78.18869128782384,77.73213441607462,73.27100983542701,0.0001669733624410033,-0.0002642421351207204,8.702772494465629e-05,208.60627460479736,/orcd/home/002/corte911/code/finNN_code/src/volatility/experiments/exp_044_mlp_100_sgd_test/trial_000_015/fold_000/model_best.pt
