trial,fold,tr_loss,val_loss,test_loss,tr_mae,val_mae,test_mae,tr_directional_accuracy_pct,val_directional_accuracy_pct,test_directional_accuracy_pct,tr_undershooting_pct,val_undershooting_pct,test_undershooting_pct,seconds,model_path
11,0,0.5317848443936567,0.5380335594820049,0.4596420713321036,0.5728403349635723,0.5823083302057942,0.5383981437332904,75.3526937247962,73.4718390845145,68.66385148593737,-0.002833059335620248,-0.0037163557729346366,-0.0030923542458928827,151.4933352470398,/orcd/home/002/corte911/code/finNN_code/src/volatility/experiments/exp_221_lstm_100_sgd_v5/trial_000_011/fold_000/model_best.pt
