trial,fold,tr_loss,val_loss,test_loss,tr_mae,val_mae,test_mae,tr_directional_accuracy_pct,val_directional_accuracy_pct,test_directional_accuracy_pct,tr_undershooting_pct,val_undershooting_pct,test_undershooting_pct,seconds,model_path
24,0,0.44008198873537935,0.43372179912401715,0.38688282495687526,0.5167670097927667,0.51210944299435,0.4876653851245253,78.0540775769532,77.45116023112905,72.98099310369248,-0.0005959099116332711,-0.0009761939523858233,-0.0006574820905691935,368.1114134788513,/orcd/home/002/corte911/code/finNN_code/src/volatility/experiments/exp_020_cnn_100_search/trial_000_024/fold_000/model_best.pt
