trial,fold,tr_loss,val_loss,test_loss,tr_mae,val_mae,test_mae,tr_directional_accuracy_pct,val_directional_accuracy_pct,test_directional_accuracy_pct,tr_undershooting_pct,val_undershooting_pct,test_undershooting_pct,seconds,model_path
0,0,0.14264625788354468,0.14913124002579756,0.11590467443119624,0.28927198500350926,0.30092042263456337,0.2655895106454377,84.67143492225499,81.45575360756118,79.11786645339403,-0.0015976014254058695,-0.0018548409596374012,-0.0009741922615088481,146.20962357521057,/orcd/home/002/corte911/code/finNN_code/src/volatility/experiments/exp_227_cnn_100_muon_snr/trial_20260219_002101/fold_000/model_best.pt
