trial,fold,tr_loss,val_loss,test_loss,tr_mae,val_mae,test_mae,tr_directional_accuracy_pct,val_directional_accuracy_pct,test_directional_accuracy_pct,tr_undershooting_pct,val_undershooting_pct,test_undershooting_pct,seconds,model_path
10,0,0.4351162324696948,0.4284855049201244,0.38092742999634294,0.513713961758437,0.5088240468633837,0.4838251954594698,78.19710464475325,77.6354778854091,73.20071884489063,-0.0003920788190020999,-0.0008542848044297825,-0.000511966587344549,84.2011456489563,/orcd/home/002/corte911/code/finNN_code/src/volatility/experiments/exp_035_mlp_100_muon_lr/trial_000_010/fold_000/model_best.pt
