trial,fold,tr_loss,val_loss,test_loss,tr_mae,val_mae,test_mae,tr_directional_accuracy_pct,val_directional_accuracy_pct,test_directional_accuracy_pct,tr_undershooting_pct,val_undershooting_pct,test_undershooting_pct,seconds,model_path
8,0,0.443209895797033,0.4314276792544728,0.3874833253068987,0.5182287277863126,0.5087775839857943,0.4868396542799821,78.06492790623459,77.74271724789931,73.19806301401394,-0.00023510440072584734,-0.0003900260223320742,-0.00015807216407158148,1022.0037426948547,/orcd/home/002/corte911/code/finNN_code/src/volatility/experiments/exp_181_transformer_100_sgd/trial_000_008/fold_000/model_best.pt
