trial,fold,tr_loss,val_loss,test_loss,tr_mae,val_mae,test_mae,tr_directional_accuracy_pct,val_directional_accuracy_pct,test_directional_accuracy_pct,tr_undershooting_pct,val_undershooting_pct,test_undershooting_pct,seconds,model_path
0,0,0.4585184033582636,0.45871564083598815,0.4063563403253423,0.5260416512731548,0.5233977592617417,0.4987317032963841,77.75578055644202,76.85975631265919,72.29047707575315,0.00014596867282589318,0.000151990193620725,6.636357372653622e-05,150.73606085777283,/orcd/home/002/corte911/code/finNN_code/src/volatility/experiments/exp_219_lstm_100_sgd_v3/trial_000_000/fold_000/model_best.pt
