trial,fold,tr_loss,val_loss,test_loss,tr_mae,val_mae,test_mae,tr_directional_accuracy_pct,val_directional_accuracy_pct,test_directional_accuracy_pct,tr_undershooting_pct,val_undershooting_pct,test_undershooting_pct,seconds,model_path
18,0,0.49422307945645894,0.5104309725506913,0.4205270852542924,0.5527297859863664,0.5676370674460408,0.5134377456124843,76.72610171458412,75.66742392707724,71.05108933329792,-0.0024241678998829226,-0.003946036242734932,-0.0025594583781568285,64.42518138885498,/orcd/home/002/corte911/code/finNN_code/src/volatility/experiments/exp_216_cnn_100_sgd_v2/trial_000_018/fold_000/model_best.pt
