trial,fold,tr_loss,val_loss,test_loss,tr_mae,val_mae,test_mae,tr_directional_accuracy_pct,val_directional_accuracy_pct,test_directional_accuracy_pct,tr_undershooting_pct,val_undershooting_pct,test_undershooting_pct,seconds,model_path
1,0,1.0000372529406818,0.889576355383842,0.6603585395273165,0.7944987017886543,0.7609235095703938,0.6465009272584522,47.7082015724274,32.93694748798848,47.3272603333953,-0.0006410812819061815,-0.004341266385673226,-0.0007286750957599207,180.03965020179749,/orcd/home/002/corte911/code/finNN_code/src/volatility/experiments/exp_177_transformer_100_adam/trial_000_001/fold_000/model_best.pt
1,0,1.0000414609391675,0.8898095809874838,0.6603773006216483,0.7945157798039543,0.7610397405074479,0.6465209799919108,47.7082015724274,32.93694748798848,47.3272603333953,-0.0006446510656248853,-0.0043442376397255685,-0.0007325273069254179,502.94679498672485,/orcd/home/002/corte911/code/finNN_code/src/volatility/experiments/exp_177_transformer_100_adam/trial_000_001/fold_000/model_best.pt
1,0,1.0000438492600188,0.889936894438064,0.6603876252238289,0.7945251434033117,0.7611031765661571,0.6465319612301256,47.7082015724274,32.93694748798848,47.3272603333953,-0.0006462659677833464,-0.004346003167495801,-0.0007348183068678749,465.1422109603882,/orcd/home/002/corte911/code/finNN_code/src/volatility/experiments/exp_177_transformer_100_adam/trial_000_001/fold_000/model_best.pt
1,0,1.0000430460701641,0.8898944476020866,0.6603841789667342,0.7945220154511572,0.7610820231750789,0.6465282956302176,47.7082015724274,32.93694748798848,47.3272603333953,-0.0006457843302974896,-0.004345314181048881,-0.0007339537785877024,463.48495221138,/orcd/home/002/corte911/code/finNN_code/src/volatility/experiments/exp_177_transformer_100_adam/trial_000_001/fold_000/model_best.pt
