trial,fold,tr_loss,val_loss,test_loss,tr_mae,val_mae,test_mae,tr_directional_accuracy_pct,val_directional_accuracy_pct,test_directional_accuracy_pct,tr_undershooting_pct,val_undershooting_pct,test_undershooting_pct,seconds,model_path
2,0,0.5208126725209538,0.518044506829662,0.4378495224848697,0.5602694508873689,0.5632484916226413,0.5205063536085273,76.08987786126664,74.60332018710447,70.16687470675201,-0.0006822222912016548,-0.0015207681524747598,-0.0009020988982234503,129.4850127696991,/orcd/home/002/corte911/code/finNN_code/src/volatility/experiments/exp_167_cnn_100_muon_icml/trial_000_002/fold_000/model_best.pt
