trial,fold,tr_loss,val_loss,test_loss,tr_mae,val_mae,test_mae,tr_directional_accuracy_pct,val_directional_accuracy_pct,test_directional_accuracy_pct,tr_undershooting_pct,val_undershooting_pct,test_undershooting_pct,seconds,model_path
0,0,0.1637176584777989,0.16426398608681314,0.13390852461312702,0.3071673197130616,0.3140183971180256,0.2843155921053501,83.55357496247488,80.5645742971344,77.71582121912824,-0.0005603737939560695,-0.0008426895733896304,6.223338332897976e-05,433.5795056819916,/orcd/home/002/corte911/code/finNN_code/src/volatility/experiments/exp_233_transformer_100_adam_snr/trial_20260219_062149/fold_000/model_best.pt
