trial,fold,tr_loss,val_loss,test_loss,tr_mae,val_mae,test_mae,tr_directional_accuracy_pct,val_directional_accuracy_pct,test_directional_accuracy_pct,tr_undershooting_pct,val_undershooting_pct,test_undershooting_pct,seconds,model_path
0,0,0.03448129993483175,0.035921773923237844,0.03181181230784065,0.14563358943726296,0.14928683549201177,0.14129297081577893,92.13750966946809,90.79560038815501,88.45866258652207,-0.0005740413414633455,-0.0007329973725874087,-0.00033983969573248983,266.95075511932373,/orcd/home/002/corte911/code/finNN_code/src/volatility/experiments/exp_225_mlp_100_muon_snr/trial_20260218_221221/fold_000/model_best.pt
