trial,fold,tr_loss,val_loss,test_loss,tr_mae,val_mae,test_mae,tr_directional_accuracy_pct,val_directional_accuracy_pct,test_directional_accuracy_pct,tr_undershooting_pct,val_undershooting_pct,test_undershooting_pct,seconds,model_path
8,0,0.42952225779846553,0.42585455768654495,0.38104638638261396,0.510002598009262,0.5061683529098957,0.4829399837724584,78.27230264875685,77.81009461051651,73.23028709531776,0.0001717722133368763,-0.0003025821240668092,0.00025892482423458575,123.83647513389587,/orcd/home/002/corte911/code/finNN_code/src/volatility/experiments/exp_169_cnn_100_muon_icml_3/trial_000_008/fold_000/model_best.pt
