Model,Train MSE,Val MSE,Test MSE,Train DirAcc,Val DirAcc,Test DirAcc,Train US,Val US,Test US,Alpha Train,Beta Train,Calib R2 Train,Alpha,Beta,Calib R2 Test,normalized
OLS,0.3504547022907059,,0.4490703371634437,82.11116009884952,,76.89204202530283,45.683474583128785,,47.644053527288385,-3.2612801348363973e-16,0.9999999999999968,0.6495452977092941,0.006755096833733239,0.8963095720050818,0.558506039655924,True
LASSO,0.36307339916094983,,0.4488163233537096,82.06275541806293,,76.73846437728973,45.54287051036777,,48.46076369801137,0.007221758294477788,1.154873605375963,0.6485908482331826,0.014010893023658995,1.0262122933903899,0.5522239115797638,True
NN,0.34721468972116637,,0.4585971794930056,82.16785291646784,,76.95431881873994,44.15821219493894,,46.78371115869434,-0.01568212727961233,0.9759758400125497,0.6536517597489588,-0.0012863439600505969,0.8528186210082542,0.5580980562292774,True
