trial,fold,tr_loss,val_loss,test_loss,tr_mae,val_mae,test_mae,tr_directional_accuracy_pct,val_directional_accuracy_pct,test_directional_accuracy_pct,tr_undershooting_pct,val_undershooting_pct,test_undershooting_pct,seconds,model_path
12,0,0.4582196138434194,0.44795650782366236,0.40002077331382263,0.5253278235799287,0.5167645603299131,0.49304527804336085,77.75641881110563,77.16789309928812,72.48275923122549,0.0013057406682729369,0.0005313090978528548,0.0012781281496116073,64.69677877426147,/orcd/home/002/corte911/code/finNN_code/src/volatility/experiments/exp_216_cnn_100_sgd_v2/trial_000_012/fold_000/model_best.pt
