trial,fold,tr_loss,val_loss,test_loss,tr_mae,val_mae,test_mae,tr_directional_accuracy_pct,val_directional_accuracy_pct,test_directional_accuracy_pct,tr_undershooting_pct,val_undershooting_pct,test_undershooting_pct,seconds,model_path
27,0,0.4264642670406762,0.4235522832376721,0.3804695978285424,0.5086533541971137,0.5056365890793058,0.48337602028169513,78.35127215759088,77.82526333613191,73.2796855496242,-0.0002795259307682706,-0.0006809736468222589,-0.0003404148745954083,317.7445237636566,/orcd/home/002/corte911/code/finNN_code/src/volatility/experiments/exp_169_cnn_100_muon_icml_3/trial_000_027/fold_000/model_best.pt
