trial,fold,tr_loss,val_loss,test_loss,tr_mae,val_mae,test_mae,tr_directional_accuracy_pct,val_directional_accuracy_pct,test_directional_accuracy_pct,tr_undershooting_pct,val_undershooting_pct,test_undershooting_pct,seconds,model_path
13,0,0.4331894923947651,0.42446753708904256,0.3794403876209849,0.5126862476575419,0.5056922195674962,0.48251599705839066,78.22414343322986,77.77764059292079,73.32111651130056,-0.00026776495163571227,-0.0005876255606976549,-0.00033486312088834114,396.5226948261261,/orcd/home/002/corte911/code/finNN_code/src/volatility/experiments/exp_021_mlp_100_search/trial_000_013/fold_000/model_best.pt
