trial,fold,tr_loss,val_loss,test_loss,tr_mae,val_mae,test_mae,tr_directional_accuracy_pct,val_directional_accuracy_pct,test_directional_accuracy_pct,tr_undershooting_pct,val_undershooting_pct,test_undershooting_pct,seconds,model_path
15,0,0.4249057221616707,0.42373951227474754,0.38039888022814683,0.5076377692155225,0.505676940647111,0.4834085667455946,78.41509762395195,77.83267131840918,73.26375056436406,-0.00030507967440189515,-0.0006611318022534371,-0.00031772353740024627,156.13957238197327,/orcd/home/002/corte911/code/finNN_code/src/volatility/experiments/exp_169_cnn_100_muon_icml_3/trial_000_015/fold_000/model_best.pt
