trial,fold,tr_loss,val_loss,test_loss,tr_mae,val_mae,test_mae,tr_directional_accuracy_pct,val_directional_accuracy_pct,test_directional_accuracy_pct,tr_undershooting_pct,val_undershooting_pct,test_undershooting_pct,seconds,model_path
26,0,0.43428288935985554,0.4294907563351153,0.3842741872653824,0.5127596106085586,0.5084419752425673,0.4846855558488036,78.23534190141866,77.6785147348295,73.17168176063882,0.0003626220389319143,-0.00036829501595042055,0.00037181956682828354,310.63488125801086,/orcd/home/002/corte911/code/finNN_code/src/volatility/experiments/exp_168_cnn_100_muon_icml_2/trial_000_026/fold_000/model_best.pt
