trial,fold,tr_loss,val_loss,test_loss,tr_mae,val_mae,test_mae,tr_directional_accuracy_pct,val_directional_accuracy_pct,test_directional_accuracy_pct,tr_undershooting_pct,val_undershooting_pct,test_undershooting_pct,seconds,model_path
4,0,0.43879766906949497,0.4292208816907949,0.381180743871787,0.5155756508565668,0.5084944475891316,0.4824325419821849,78.18283094954887,77.92174348626702,73.29951575350348,0.00016729359928485137,-0.0006027282054311636,0.0002477705150987511,1400.074518442154,/orcd/home/002/corte911/code/finNN_code/src/volatility/experiments/exp_039_lstm_100_adam_lr/trial_000_004/fold_000/model_best.pt
