trial,fold,tr_loss,val_loss,test_loss,tr_mae,val_mae,test_mae,tr_directional_accuracy_pct,val_directional_accuracy_pct,test_directional_accuracy_pct,tr_undershooting_pct,val_undershooting_pct,test_undershooting_pct,seconds,model_path
24,0,0.43262504465375456,0.4240946255939214,0.3795668211946816,0.5120592706773206,0.5048819516975579,0.4820789719610655,78.24619223070005,77.83037837151385,73.3182836250321,2.1540374017687952e-05,-0.00034517332633840454,-5.447763101837978e-05,455.78475618362427,/orcd/home/002/corte911/code/finNN_code/src/volatility/experiments/exp_021_mlp_100_search/trial_000_024/fold_000/model_best.pt
