trial,fold,tr_loss,val_loss,test_loss,tr_mae,val_mae,test_mae,tr_directional_accuracy_pct,val_directional_accuracy_pct,test_directional_accuracy_pct,tr_undershooting_pct,val_undershooting_pct,test_undershooting_pct,seconds,model_path
2,0,0.4310213258507918,0.42478386878375185,0.37876523156072744,0.5115875111513244,0.5064136555536001,0.48224086828171614,78.25518581914184,77.83708083166948,73.33457272107579,-0.00043044543950377664,-0.0007859371827883522,-0.00041455723464862043,173.7471797466278,/orcd/home/002/corte911/code/finNN_code/src/volatility/experiments/exp_021_mlp_100_search/trial_000_002/fold_000/model_best.pt
