trial,fold,tr_loss,val_loss,test_loss,tr_mae,val_mae,test_mae,tr_directional_accuracy_pct,val_directional_accuracy_pct,test_directional_accuracy_pct,tr_undershooting_pct,val_undershooting_pct,test_undershooting_pct,seconds,model_path
4,0,0.507747920003682,0.5035731630459919,0.43508752490490604,0.5546866049333957,0.5549387406303355,0.5194398023598441,76.32260872087963,74.97759967263774,70.32480811621916,-0.0012324687609345654,-0.001753477361951967,-0.0013970476561055985,150.41950058937073,/orcd/home/002/corte911/code/finNN_code/src/volatility/experiments/exp_219_lstm_100_sgd_v3/trial_000_004/fold_000/model_best.pt
