trial,fold,tr_loss,val_loss,test_loss,tr_mae,val_mae,test_mae,tr_directional_accuracy_pct,val_directional_accuracy_pct,test_directional_accuracy_pct,tr_undershooting_pct,val_undershooting_pct,test_undershooting_pct,seconds,model_path
2,0,0.42772514015584023,0.42381071762705613,0.3805989033580623,0.5096858220599941,0.5063550221610423,0.4837732351485107,78.30392526618121,77.80321576983046,73.22426721199727,-0.00044611862688048807,-0.0008765915396443323,-0.0005296518878199343,436.14274883270264,/orcd/home/002/corte911/code/finNN_code/src/volatility/experiments/exp_169_cnn_100_muon_icml_3/trial_000_002/fold_000/model_best.pt
