trial,fold,tr_loss,val_loss,test_loss,tr_mae,val_mae,test_mae,tr_directional_accuracy_pct,val_directional_accuracy_pct,test_directional_accuracy_pct,tr_undershooting_pct,val_undershooting_pct,test_undershooting_pct,seconds,model_path
4,0,0.44756933243171143,0.43873720650474796,0.38954508424534473,0.5199217351834711,0.5125167810400245,0.48653733954700934,77.90049029562796,77.56175082369708,72.88857018918368,0.0009096667281627282,0.0001190057769830402,0.0010723411176272201,557.8502614498138,/orcd/home/002/corte911/code/finNN_code/src/volatility/experiments/exp_019_lstm_100_search/trial_000_004/fold_000/model_best.pt
