trial,fold,tr_loss,val_loss,test_loss,tr_mae,val_mae,test_mae,tr_directional_accuracy_pct,val_directional_accuracy_pct,test_directional_accuracy_pct,seconds,model_path
0,0,0.7051646995331021,1.0248835374012863,1.0019782755961315,0.666015293515168,0.8093772478920637,0.8033553670119198,68.84523190908024,62.2177742193755,59.59252257929006,71.3873016834259,/orcd/home/002/corte911/code/finNN_code/src/volatility/experiments/exp_017_debug/trial_20251108_001810/fold_000/model_best.pt
0,1,0.7358323083722247,0.9080081555140834,0.8481346772695989,0.6832799597575999,0.7603613808784857,0.7310282970398626,67.35036875684163,62.28973514933712,65.42113880298345,113.69006276130676,/orcd/home/002/corte911/code/finNN_code/src/volatility/experiments/exp_017_debug/trial_20251108_001810/fold_001/model_best.pt
0,2,0.7018526351016423,0.9075414458927912,0.9915087909809344,0.664844743941227,0.7573411497987819,0.7957657418496588,68.32094911020918,63.8285838590385,65.15908910576847,105.3144793510437,/orcd/home/002/corte911/code/finNN_code/src/volatility/experiments/exp_017_debug/trial_20251108_001810/fold_002/model_best.pt
