trial,fold,tr_loss,val_loss,test_loss,tr_mae,val_mae,test_mae,tr_directional_accuracy_pct,val_directional_accuracy_pct,test_directional_accuracy_pct,tr_undershooting_pct,val_undershooting_pct,test_undershooting_pct,seconds,model_path
2,0,0.5932587763074069,0.5785163573910792,0.4660658975906069,0.5982393891153781,0.5962469372657722,0.5364033476056578,74.82944094693782,73.14253663423617,69.47228640480174,-0.0004179304959399191,-0.0011103004396921818,-0.0005140969406356523,150.98013377189636,/orcd/home/002/corte911/code/finNN_code/src/volatility/experiments/exp_221_lstm_100_sgd_v5/trial_000_002/fold_000/model_best.pt
2,0,0.5932587763074069,0.5785163573910792,0.4660658975906069,0.5982393891153781,0.5962469372657722,0.5364033476056578,74.82944094693782,73.14253663423617,69.47228640480174,-0.0004179304959399191,-0.0011103004396921818,-0.0005140969406356523,151.2765212059021,/orcd/home/002/corte911/code/finNN_code/src/volatility/experiments/exp_221_lstm_100_sgd_v5/trial_000_002/fold_000/model_best.pt
