trial,fold,tr_loss,val_loss,test_loss,tr_mae,val_mae,test_mae,tr_directional_accuracy_pct,val_directional_accuracy_pct,test_directional_accuracy_pct,tr_undershooting_pct,val_undershooting_pct,test_undershooting_pct,seconds,model_path
12,0,0.44275508255462476,0.4357569232711411,0.3871203461634315,0.5170600631126429,0.510695050492234,0.4852197210727454,78.01781310742986,77.6310683721488,73.01976823449216,0.0006971743711448151,8.196478653215163e-05,0.0008548055610609122,584.2913584709167,/orcd/home/002/corte911/code/finNN_code/src/volatility/experiments/exp_019_lstm_100_search/trial_000_012/fold_000/model_best.pt
