trial,fold,tr_loss,val_loss,test_loss,tr_mae,val_mae,test_mae,tr_directional_accuracy_pct,val_directional_accuracy_pct,test_directional_accuracy_pct,tr_undershooting_pct,val_undershooting_pct,test_undershooting_pct,seconds,model_path
6,0,0.4399731637475011,0.4316292836838371,0.3823165740723036,0.5172927667597379,0.5121701284899781,0.48446486901151636,78.12022396936378,77.81238755741187,73.18389858267159,-0.00013368553874449,-0.0012044397731763217,-0.0001343783760128923,68.58942198753357,/orcd/home/002/corte911/code/finNN_code/src/volatility/experiments/exp_021_mlp_100_search/trial_000_006/fold_000/model_best.pt
