trial,fold,tr_loss,val_loss,test_loss,tr_mae,val_mae,test_mae,tr_directional_accuracy_pct,val_directional_accuracy_pct,test_directional_accuracy_pct,tr_undershooting_pct,val_undershooting_pct,test_undershooting_pct,seconds,model_path
23,0,0.42635138990521526,0.4236353773408633,0.3799709277931048,0.508416332669958,0.5054011426020328,0.4829920646851125,78.37361107081726,77.85224955728486,73.29101709469808,-0.00023105614746086225,-0.0005911478483136705,-0.00026681294299513115,166.22106051445007,/orcd/home/002/corte911/code/finNN_code/src/volatility/experiments/exp_169_cnn_100_muon_icml_3/trial_000_023/fold_000/model_best.pt
