trial,fold,tr_loss,val_loss,test_loss,tr_mae,val_mae,test_mae,tr_directional_accuracy_pct,val_directional_accuracy_pct,test_directional_accuracy_pct,tr_undershooting_pct,val_undershooting_pct,test_undershooting_pct,seconds,model_path
14,0,0.42708498620551866,0.426036885909701,0.3809712719188168,0.5089652146816932,0.5075567581350835,0.48348494825141203,78.37558385795933,77.83390598212208,73.2531272408573,-0.0003108456339605511,-0.0008364062495338576,-0.0001978189500303372,483.30228877067566,/orcd/home/002/corte911/code/finNN_code/src/volatility/experiments/exp_026_lstm_100_debug/trial_000_014/fold_000/model_best.pt
14,0,0.42594417642432053,0.4284179121044982,0.38237954501185084,0.5083632953874768,0.5094526436482312,0.48451363964538574,78.41498157764948,77.72807766387515,73.18602324737294,-0.00041279880734010696,-0.0009662355141081288,-0.0002431659884847472,442.4638204574585,/orcd/home/002/corte911/code/finNN_code/src/volatility/experiments/exp_026_lstm_100_muon/trial_000_014/fold_000/model_best.pt
