trial,fold,tr_loss,val_loss,test_loss,tr_mae,val_mae,test_mae,tr_directional_accuracy_pct,val_directional_accuracy_pct,test_directional_accuracy_pct,tr_undershooting_pct,val_undershooting_pct,test_undershooting_pct,seconds,model_path
6,0,0.6823410611042808,0.6185218440588035,0.5307850564335277,0.6385430089242327,0.6123692212002425,0.568946472696952,72.71153790362355,72.384276733997,67.05725086093184,0.0025775948751584547,0.001089092438952639,0.0031969336500746928,150.16445064544678,/orcd/home/002/corte911/code/finNN_code/src/volatility/experiments/exp_218_lstm_100_sgd_v2/trial_000_006/fold_000/model_best.pt
