trial,fold,tr_loss,val_loss,test_loss,tr_mae,val_mae,test_mae,tr_directional_accuracy_pct,val_directional_accuracy_pct,test_directional_accuracy_pct,tr_undershooting_pct,val_undershooting_pct,test_undershooting_pct,seconds,model_path
2,0,0.4459026388965134,0.4401582487622478,0.3853322089856063,0.5203824164806602,0.5158583566952561,0.48638818377962356,78.11024398735096,77.65364508004149,73.18673146894005,-0.0007121388409826579,-0.0010008499236455368,-0.0006884204007557292,1091.8242752552032,/orcd/home/002/corte911/code/finNN_code/src/volatility/experiments/exp_046_lstm_100_muon_test/trial_000_002/fold_000/model_best.pt
