trial,fold,tr_loss,val_loss,test_loss,tr_mae,val_mae,test_mae,tr_directional_accuracy_pct,val_directional_accuracy_pct,test_directional_accuracy_pct,tr_undershooting_pct,val_undershooting_pct,test_undershooting_pct,seconds,model_path
11,0,0.4297734245417645,0.4236920744977362,0.38044019625801734,0.5105985467693798,0.505472753700243,0.48314606440445207,78.29168238127012,77.83884463697359,73.23276587080268,-0.0003068052331047431,-0.0006665112813486497,-0.0003217591996305177,520.0090079307556,/orcd/home/002/corte911/code/finNN_code/src/volatility/experiments/exp_036_lstm_100_muon_lr/trial_000_011/fold_000/model_best.pt
