trial,fold,tr_loss,val_loss,test_loss,tr_mae,val_mae,test_mae,tr_directional_accuracy_pct,val_directional_accuracy_pct,test_directional_accuracy_pct,tr_undershooting_pct,val_undershooting_pct,test_undershooting_pct,seconds,model_path
24,0,0.4884392998939208,0.4833872410497136,0.43300765649211487,0.5411296552954512,0.5344887747864941,0.5120665536174906,76.94363050857292,76.32479416392101,71.20990801972397,0.0021190708657946745,0.001564752766125872,0.0022152002304015417,151.4276647567749,/orcd/home/002/corte911/code/finNN_code/src/volatility/experiments/exp_221_lstm_100_sgd_v5/trial_000_024/fold_000/model_best.pt
