trial,fold,tr_loss,val_loss,test_loss,tr_mae,val_mae,test_mae,tr_directional_accuracy_pct,val_directional_accuracy_pct,test_directional_accuracy_pct,tr_undershooting_pct,val_undershooting_pct,test_undershooting_pct,seconds,model_path
5,0,0.6741742236020964,0.6373042741007306,0.49188300898429926,0.6411109698150421,0.632280121894931,0.5520869790490909,74.52110592126259,73.44873323503059,68.826211280199,3.7537317210428776e-06,-0.002285846054012771,0.000169347271827521,151.47610306739807,/orcd/home/002/corte911/code/finNN_code/src/volatility/experiments/exp_221_lstm_100_sgd_v5/trial_000_005/fold_000/model_best.pt
