trial,fold,tr_loss,val_loss,test_loss,tr_mae,val_mae,test_mae,tr_directional_accuracy_pct,val_directional_accuracy_pct,test_directional_accuracy_pct,tr_undershooting_pct,val_undershooting_pct,test_undershooting_pct,seconds,model_path
13,0,0.4350642651127387,0.4277820393536359,0.38244382996858395,0.5131330086397832,0.5065732842397878,0.48299447326090106,78.12004989991006,77.77464212390379,73.1307819651378,0.00029711831023748487,-0.0001083063019059674,0.0004193928632223821,442.38300919532776,/orcd/home/002/corte911/code/finNN_code/src/volatility/experiments/exp_046_lstm_100_muon_test/trial_000_013/fold_000/model_best.pt
