trial,fold,tr_loss,val_loss,test_loss,tr_mae,val_mae,test_mae,tr_directional_accuracy_pct,val_directional_accuracy_pct,test_directional_accuracy_pct,seconds,model_path
0,0,0.28090140223503113,1.9899191856384277,0.8782972097396851,0.3804314136505127,0.9811626076698303,0.6657261252403259,75.73596835136414,49.62344467639923,50.27431845664978,84.05808472633362,/orcd/home/002/corte911/code/finNN_code/src/price_prediction/experiments/exp_013_mlp_504/trial_20251030_113014/fold_000/model_best.pt
0,1,0.2246733158826828,0.4999663233757019,0.34422141313552856,0.3276987671852112,0.5044342279434204,0.4055953025817871,75.21349787712097,49.16318953037262,50.07035732269287,75.48863244056702,/orcd/home/002/corte911/code/finNN_code/src/price_prediction/experiments/exp_013_mlp_504/trial_20251030_113014/fold_001/model_best.pt
0,2,0.20086084306240082,0.3121357560157776,0.29702228307724,0.31250423192977905,0.38485249876976013,0.3730173408985138,78.52147817611694,51.16311311721802,50.1545786857605,76.74901127815247,/orcd/home/002/corte911/code/finNN_code/src/price_prediction/experiments/exp_013_mlp_504/trial_20251030_113014/fold_002/model_best.pt
0,3,0.249342679977417,0.7401997447013855,1.0703341960906982,0.35962000489234924,0.5826840996742249,0.7218958735466003,79.23054695129395,50.30376315116882,50.40140151977539,75.96356892585754,/orcd/home/002/corte911/code/finNN_code/src/price_prediction/experiments/exp_013_mlp_504/trial_20251030_113014/fold_003/model_best.pt
0,4,0.2582802176475525,1.3425815105438232,2.6493113040924072,0.36800122261047363,0.8115971088409424,1.1911436319351196,78.69779467582703,50.003474950790405,49.42627549171448,76.8733344078064,/orcd/home/002/corte911/code/finNN_code/src/price_prediction/experiments/exp_013_mlp_504/trial_20251030_113014/fold_004/model_best.pt
0,5,0.26184824109077454,2.635294198989868,1.5688872337341309,0.3680763244628906,1.1973994970321655,0.8542541861534119,78.53116989135742,49.01401698589325,49.99999701976776,76.29704213142395,/orcd/home/002/corte911/code/finNN_code/src/price_prediction/experiments/exp_013_mlp_504/trial_20251030_113014/fold_005/model_best.pt
