trial,fold,tr_loss,val_loss,test_loss,tr_mae,val_mae,test_mae,tr_directional_accuracy_pct,val_directional_accuracy_pct,test_directional_accuracy_pct,tr_undershooting_pct,val_undershooting_pct,test_undershooting_pct,seconds,model_path
14,0,0.44861849017123745,0.4361174982894127,0.3913695152670575,0.5233226858395406,0.5156010495392555,0.49197072255959573,77.70669297049523,77.26790086003146,72.77259890756824,-0.0015738368736428004,-0.0018867708292710495,-0.0015983214134279663,464.0217869281769,/orcd/home/002/corte911/code/finNN_code/src/volatility/experiments/exp_177_transformer_100_adam/trial_000_014/fold_000/model_best.pt
