trial,fold,tr_loss,val_loss,test_loss,tr_mae,val_mae,test_mae,tr_directional_accuracy_pct,val_directional_accuracy_pct,test_directional_accuracy_pct,tr_undershooting_pct,val_undershooting_pct,test_undershooting_pct,seconds,model_path
1,0,0.43745691724772406,0.42792457261154915,0.3807104394218041,0.5153849524436813,0.5089912636587429,0.4831794840419145,78.12474977516028,77.75065437176782,73.22479837817261,-0.00012733612495204784,-0.0008776944057671915,-2.8740610942480792e-05,118.85212588310242,/orcd/home/002/corte911/code/finNN_code/src/volatility/experiments/exp_021_mlp_100_search/trial_000_001/fold_000/model_best.pt
