trial,fold,tr_loss,val_loss,test_loss,tr_mae,val_mae,test_mae,tr_directional_accuracy_pct,val_directional_accuracy_pct,test_directional_accuracy_pct,seconds,model_path
2,0,0.0011348399566486478,0.0004451051354408264,0.00029398733749985695,0.022283371537923813,0.014267939142882824,0.011714791879057884,48.295727372169495,52.228206396102905,50.95115900039673,8.279531240463257,/orcd/home/002/corte911/code/finNN_code/src/price_prediction/experiments/exp_007_mlp_optuna_search/trial_002/fold_000/model_best.pt
2,0,0.0011347400723025203,0.00044517405331134796,0.0002939403639174998,0.022280024364590645,0.0142676318064332,0.01171241793781519,48.295727372169495,52.228206396102905,50.95115900039673,9.283849716186523,/orcd/home/002/corte911/code/finNN_code/src/price_prediction/experiments/exp_007_mlp_optuna_search/trial_002/fold_000/model_best.pt
2,0,0.0011350353015586734,0.0004449962580110878,0.00029408716363832355,0.02228967845439911,0.014268939383327961,0.0117195975035429,48.295727372169495,52.228206396102905,50.95115900039673,8.149296045303345,/orcd/home/002/corte911/code/finNN_code/src/price_prediction/experiments/exp_007_mlp_optuna_search/trial_002/fold_000/model_best.pt
