trial,fold,tr_loss,val_loss,test_loss,tr_mae,val_mae,test_mae,tr_directional_accuracy_pct,val_directional_accuracy_pct,test_directional_accuracy_pct,seconds,model_path
2,5,0.00030419626273214817,0.002145642414689064,0.0012478402350097895,0.011647962033748627,0.028608685359358788,0.02257172390818596,48.53797256946564,52.06279754638672,46.88078165054321,39.77663803100586,/orcd/home/002/corte911/code/finNN_code/src/price_prediction/experiments/exp_007_mlp_optuna_search/trial_002/fold_005/model_best.pt
2,7,0.0012747289147228003,0.0003952992265112698,0.0005553428782150149,0.021756287664175034,0.013797312043607235,0.016266724094748497,49.77467358112335,51.776230335235596,50.453972816467285,40.13653588294983,/orcd/home/002/corte911/code/finNN_code/src/price_prediction/experiments/exp_007_mlp_optuna_search/trial_002/fold_007/model_best.pt
2,3,0.00034118632902391255,0.00026411269209347665,0.0003716933133546263,0.012342514470219612,0.010920352302491665,0.013077972456812859,50.85632801055908,50.297611951828,50.38142204284668,43.20588946342468,/orcd/home/002/corte911/code/finNN_code/src/price_prediction/experiments/exp_007_mlp_optuna_search/trial_002/fold_003/model_best.pt
2,7,0.0012747356668114662,0.0003953015257138759,0.0005553502705879509,0.021756455302238464,0.013797430321574211,0.016266876831650734,49.77467358112335,51.776230335235596,50.453972816467285,42.06231212615967,/orcd/home/002/corte911/code/finNN_code/src/price_prediction/experiments/exp_007_mlp_optuna_search/trial_002/fold_007/model_best.pt
2,10,0.0004067157278768718,0.000226659351028502,0.00021325821580830961,0.013690007850527763,0.010262739844620228,0.009885041043162346,51.08402371406555,52.923405170440674,52.86460518836975,42.390074729919434,/orcd/home/002/corte911/code/finNN_code/src/price_prediction/experiments/exp_007_mlp_optuna_search/trial_002/fold_010/model_best.pt
2,11,0.0003535542928148061,0.00021293014287948608,0.00031949166441336274,0.012592002749443054,0.00988047569990158,0.011993377469480038,51.52391195297241,52.86460518836975,50.02638101577759,40.29188299179077,/orcd/home/002/corte911/code/finNN_code/src/price_prediction/experiments/exp_007_mlp_optuna_search/trial_002/fold_011/model_best.pt
