trial,fold,tr_loss,val_loss,test_loss,tr_mae,val_mae,test_mae,tr_directional_accuracy_pct,val_directional_accuracy_pct,test_directional_accuracy_pct,tr_undershooting_pct,val_undershooting_pct,test_undershooting_pct,seconds,model_path
25,0,0.427139309882675,0.4236022781144577,0.38001536315720236,0.5090981882044373,0.50578162847748,0.4832085663409954,78.34111810612434,77.83478788477413,73.2471073575368,-0.00035862833924647525,-0.0007578036045827799,-0.00038193985273022506,155.28103590011597,/orcd/home/002/corte911/code/finNN_code/src/volatility/experiments/exp_169_cnn_100_muon_icml_3/trial_000_025/fold_000/model_best.pt
