trial,fold,tr_loss,val_loss,test_loss,tr_mae,val_mae,test_mae,tr_directional_accuracy_pct,val_directional_accuracy_pct,test_directional_accuracy_pct,tr_undershooting_pct,val_undershooting_pct,test_undershooting_pct,seconds,model_path
8,0,0.5327522590899856,0.5303766496916278,0.43779939037546484,0.5680025163292106,0.5715269882519405,0.520799565723238,76.1794656067771,74.81233111564214,70.28479359767704,-0.0010238209130154006,-0.0020329865141068795,-0.0011166741808649153,150.15643906593323,/orcd/home/002/corte911/code/finNN_code/src/volatility/experiments/exp_218_lstm_100_sgd_v2/trial_000_008/fold_000/model_best.pt
