trial,fold,tr_loss,val_loss,test_loss,tr_mae,val_mae,test_mae,tr_directional_accuracy_pct,val_directional_accuracy_pct,test_directional_accuracy_pct,tr_undershooting_pct,val_undershooting_pct,test_undershooting_pct,seconds,model_path
13,0,0.5719266881741191,0.5549262796476973,0.45055412514772514,0.5875059183330946,0.5846800441848387,0.5276673463933816,75.76837158026052,74.34827394012939,70.02168928549297,-0.0005315793823257238,-0.00164825535093729,-0.000566160936153558,151.47636890411377,/orcd/home/002/corte911/code/finNN_code/src/volatility/experiments/exp_220_lstm_100_sgd_v4/trial_000_013/fold_000/model_best.pt
