trial,fold,tr_loss,val_loss,test_loss,tr_mae,val_mae,test_mae,tr_directional_accuracy_pct,val_directional_accuracy_pct,test_directional_accuracy_pct,tr_undershooting_pct,val_undershooting_pct,test_undershooting_pct,seconds,model_path
0,0,0.42707612716856636,0.42425531151980345,0.38049045893831457,0.5094468380017416,0.5069743667191408,0.48401873135385404,78.32429139226551,77.7686451858698,73.21700794093432,-0.0006354579436097362,-0.0010044064944769366,-0.0006834128784907415,371.5325093269348,/orcd/home/002/corte911/code/finNN_code/src/volatility/experiments/exp_204_cnn_100_muon_seeds/trial_20260126_014835/fold_000/model_best.pt
