trial,fold,tr_loss,val_loss,test_loss,tr_mae,val_mae,test_mae,tr_directional_accuracy_pct,val_directional_accuracy_pct,test_directional_accuracy_pct,seconds,model_path
0,0,0.0011768306139856577,0.0005006703431718051,0.00033203899511136115,0.024064332246780396,0.016301173716783524,0.013357816264033318,50.052011013031006,50.421881675720215,50.691550970077515,47.69060778617859,/orcd/home/002/corte911/code/finNN_code/src/price_prediction/experiments/exp_008_MLP_linreg/trial_20251019_192734/fold_000/model_best.pt
