trial,fold,tr_loss,val_loss,test_loss,tr_mae,val_mae,test_mae,tr_directional_accuracy_pct,val_directional_accuracy_pct,test_directional_accuracy_pct,tr_undershooting_pct,val_undershooting_pct,test_undershooting_pct,seconds,model_path
0,0,0.07816596722603811,0.08757116920309767,0.07136232062497035,0.2151528816549558,0.22818676673669214,0.2076423201917609,88.40120000889283,86.17831056767062,83.42027069102707,-0.0006193087111555683,-0.0006846099294086446,-5.8072909492666965e-05,798.3397328853607,/orcd/home/002/corte911/code/finNN_code/src/volatility/experiments/exp_234_lstm_100_muon_snr/trial_20260220_123411/fold_000/model_best.pt
