trial,fold,tr_loss,val_loss,test_loss,tr_mae,val_mae,test_mae,tr_directional_accuracy_pct,val_directional_accuracy_pct,test_directional_accuracy_pct,tr_undershooting_pct,val_undershooting_pct,test_undershooting_pct,seconds,model_path
0,0,0.10575775755514628,0.11202506231305359,0.09359601188815227,0.24639210055300556,0.25582871478741476,0.23562403478818522,87.06341499334968,84.56896001608871,81.9610307982401,-0.001050017317017754,-0.0011470122206376212,-0.0005487493348885993,788.157634973526,/orcd/home/002/corte911/code/finNN_code/src/volatility/experiments/exp_233_transformer_100_adam_snr/trial_20260219_052037/fold_000/model_best.pt
