trial,fold,tr_loss,val_loss,test_loss,tr_mae,val_mae,test_mae,tr_directional_accuracy_pct,val_directional_accuracy_pct,test_directional_accuracy_pct,tr_undershooting_pct,val_undershooting_pct,test_undershooting_pct,seconds,model_path
0,0,0.13347243947312862,0.13591702537990843,0.11058976464235706,0.2798758715408913,0.2868052810793385,0.2599177082937838,84.6216910706995,81.60715779887566,78.90657290443134,-0.00016582354599447825,-0.0005920818201616657,0.0004197323103279458,909.3833341598511,/orcd/home/002/corte911/code/finNN_code/src/volatility/experiments/exp_232_lstm_100_adam_snr/trial_20260219_052619/fold_000/model_best.pt
