trial,fold,tr_loss,val_loss,test_loss,tr_mae,val_mae,test_mae,tr_directional_accuracy_pct,val_directional_accuracy_pct,test_directional_accuracy_pct,tr_undershooting_pct,val_undershooting_pct,test_undershooting_pct,seconds,model_path
18,0,0.5069554332708226,0.49919569264079683,0.44171085804356547,0.5551174224399325,0.5513126120653681,0.5237766358569537,76.4920943456439,75.12487741553136,70.38837100186794,-0.0014921764819199902,-0.0015387090290207297,-0.0016033648000093892,151.61658763885498,/orcd/home/002/corte911/code/finNN_code/src/volatility/experiments/exp_220_lstm_100_sgd_v4/trial_000_018/fold_000/model_best.pt
