trial,fold,tr_loss,val_loss,test_loss,tr_mae,val_mae,test_mae,tr_directional_accuracy_pct,val_directional_accuracy_pct,test_directional_accuracy_pct,tr_undershooting_pct,val_undershooting_pct,test_undershooting_pct,seconds,model_path
13,0,0.5457325907042528,0.5392308033401064,0.4480972535132619,0.5738247344137577,0.5743342430756311,0.5268181159411268,75.31700948678522,73.69407855283302,69.89261590488584,-0.0007554807469014029,-0.0010713702874284613,-0.0011257110315520823,464.0042359828949,/orcd/home/002/corte911/code/finNN_code/src/volatility/experiments/exp_177_transformer_100_adam/trial_000_013/fold_000/model_best.pt
