trial,fold,tr_loss,val_loss,test_loss,tr_mae,val_mae,test_mae,tr_directional_accuracy_pct,val_directional_accuracy_pct,test_directional_accuracy_pct,seconds,model_path
0,0,0.9750522659533761,0.3903589252799469,0.26403498579491436,0.6542235127681099,0.4231621997584129,0.3516952163851617,52.976896827785126,48.422744434194634,49.26322009988944,11.636312007904053,/orcd/home/002/corte911/code/finNN_code/src/price_prediction/experiments/exp_017_lstm_40/trial_20251103_210933/fold_000/model_best.pt
0,1,0.9494327979673302,0.34424252550679857,0.33358921515278595,0.6366271089985132,0.40049657378432507,0.37855388887590063,52.69927889300331,50.270692744671926,49.305721011350535,13.381961107254028,/orcd/home/002/corte911/code/finNN_code/src/price_prediction/experiments/exp_017_lstm_40/trial_20251103_210933/fold_001/model_best.pt
0,2,0.9666096972734307,0.4535312064082272,0.4180552132089529,0.6330230989777171,0.44075066346946506,0.43621088805403413,51.755676980246875,49.25902276777631,49.81335783609946,11.19485092163086,/orcd/home/002/corte911/code/finNN_code/src/price_prediction/experiments/exp_017_lstm_40/trial_20251103_210933/fold_002/model_best.pt
