trial,fold,tr_loss,val_loss,test_loss,tr_mae,val_mae,test_mae,tr_directional_accuracy_pct,val_directional_accuracy_pct,test_directional_accuracy_pct,tr_undershooting_pct,val_undershooting_pct,test_undershooting_pct,seconds,model_path
26,0,0.4688908217275536,0.46311840723728576,0.4145586647281475,0.5356389098322496,0.5330571662355357,0.507977924460562,77.3812991383562,76.35760094257755,71.75523862640426,-0.0020782042982864014,-0.002293605320218436,-0.002159097894747467,151.83048963546753,/orcd/home/002/corte911/code/finNN_code/src/volatility/experiments/exp_221_lstm_100_sgd_v5/trial_000_026/fold_000/model_best.pt
