trial,fold,tr_loss,val_loss,test_loss,tr_mae,val_mae,test_mae,tr_directional_accuracy_pct,val_directional_accuracy_pct,test_directional_accuracy_pct,seconds,model_path
0,0,4.8217025349899e-07,2.2519721656137343e-07,2.070519090876077e-07,0.00040715666455822544,0.00033307145978082674,0.0003207527848279212,96.00841742225302,92.13306917615982,91.42743621915517,121.46178579330444,/orcd/home/002/corte911/code/finNN_code/src/volatility/experiments/exp_013_debug/trial_20251104_170205/fold_000/model_best.pt
0,1,2.6760382918629845e-07,9.373540220970245e-08,7.55867240816578e-08,0.00020744684389738542,0.0001459114993413074,0.00014603543817276216,96.76175658948182,93.02148971249181,92.87440994397531,127.61179685592651,/orcd/home/002/corte911/code/finNN_code/src/volatility/experiments/exp_013_debug/trial_20251104_170205/fold_001/model_best.pt
