trial,fold,tr_loss,val_loss,test_loss,tr_mae,val_mae,test_mae,tr_directional_accuracy_pct,val_directional_accuracy_pct,test_directional_accuracy_pct,tr_undershooting_pct,val_undershooting_pct,test_undershooting_pct,seconds,model_path
0,0,0.44131617962776265,0.4294834311694799,0.3881737310758751,0.5194270033201255,0.5120090182676214,0.4903356856110403,78.10513795004206,77.61678154918548,73.05234642657956,-0.0016525940337716873,-0.0017106933389341716,-0.0015809452438794776,55.28749418258667,/orcd/home/002/corte911/code/finNN_code/src/volatility/experiments/exp_210_mlp_100_sgd_seeds/trial_20260126_013137/fold_000/model_best.pt
