trial,fold,tr_loss,val_loss,test_loss,tr_mae,val_mae,test_mae,tr_directional_accuracy_pct,val_directional_accuracy_pct,test_directional_accuracy_pct,tr_undershooting_pct,val_undershooting_pct,test_undershooting_pct,seconds,model_path
11,0,0.9999735481144615,0.9618500146685012,1.1875488859305035,0.7493936490242555,0.7227769285790415,0.8270228647900973,50.12794056954189,48.885540915876014,49.25556460369164,4.714234770111102e-05,0.0003788231096049845,0.00024816020691199034,141.34987258911133,/orcd/home/002/corte911/code/finNN_code/src/price_prediction/experiments/exp_025_lstm_100_lr/trial_000_011/fold_000/model_best.pt
