trial,fold,tr_loss,val_loss,test_loss,tr_mae,val_mae,test_mae,tr_directional_accuracy_pct,val_directional_accuracy_pct,test_directional_accuracy_pct,tr_undershooting_pct,val_undershooting_pct,test_undershooting_pct,seconds,model_path
0,0,0.7896751849545992,0.7123685495080955,0.6676033939866224,0.7215063821499935,0.6926048646501283,0.6683914299795722,71.54591081841654,67.95994750915415,64.08307438982285,-0.007367818583610451,-0.007241755718276174,-0.007187715718295326,116.1109733581543,/orcd/home/002/corte911/code/finNN_code/src/volatility/experiments/exp_207_cnn_100_sgd_seeds/trial_20260126_023334/fold_000/model_best.pt
