trial,fold,tr_loss,val_loss,test_loss,tr_mae,val_mae,test_mae,tr_directional_accuracy_pct,val_directional_accuracy_pct,test_directional_accuracy_pct,seconds,model_path
0,0,1.0000065486087426,1.5531654357910156,1.0180390892896947,0.7673500432574312,0.9660964396716608,0.772585164878263,49.32231171898408,47.67293592604399,50.36479250334672,115.60117530822754,/orcd/home/002/corte911/code/finNN_code/src/price_prediction/experiments/exp_018_debug/trial_20251107_111131/fold_000/model_best.pt
0,1,1.0000430119461894,1.011648898177762,0.9727597986335319,0.7659274625377088,0.7692319591290913,0.7541888529681118,49.49774440859107,50.306949870325994,51.28808225926927,227.29266500473022,/orcd/home/002/corte911/code/finNN_code/src/price_prediction/experiments/exp_018_debug/trial_20251107_111131/fold_001/model_best.pt
0,2,1.00018030102057,0.9598587477129867,1.1030452240942321,0.762331427348659,0.7486609840275388,0.79683641134112,50.08223337409859,52.01119588280439,50.56205394805846,127.1969358921051,/orcd/home/002/corte911/code/finNN_code/src/price_prediction/experiments/exp_018_debug/trial_20251107_111131/fold_002/model_best.pt
0,3,1.0000403063241234,1.107938477532086,0.8640216220544072,0.7623464359247949,0.7985089479972478,0.6958163852409395,50.421685675141894,49.52738424919323,51.242651530508816,114.1423830986023,/orcd/home/002/corte911/code/finNN_code/src/price_prediction/experiments/exp_018_debug/trial_20251107_111131/fold_003/model_best.pt
0,4,1.0000366494868773,0.8752499960533893,1.0863341093063354,0.7696979353021193,0.7148326366512103,0.805261719491646,50.223360785891224,51.411505815781204,53.692804252895385,47.75978446006775,/orcd/home/002/corte911/code/finNN_code/src/price_prediction/experiments/exp_018_debug/trial_20251107_111131/fold_004/model_best.pt
0,5,1.0000067382529605,1.1398639678955078,1.2601101398468018,0.7677971790058395,0.8245236084407496,0.8879783740942029,50.25662511783806,53.29289428076257,48.717948717948715,31.563998460769653,/orcd/home/002/corte911/code/finNN_code/src/price_prediction/experiments/exp_018_debug/trial_20251107_111131/fold_005/model_best.pt
