trial,fold,tr_loss,val_loss,test_loss,tr_mae,val_mae,test_mae,tr_directional_accuracy_pct,val_directional_accuracy_pct,test_directional_accuracy_pct,tr_undershooting_pct,val_undershooting_pct,test_undershooting_pct,seconds,model_path
22,0,0.455828561761602,0.44884638337229976,0.4045946141133108,0.5242956689939012,0.5166317743403892,0.4957573157939219,77.69816356726334,77.19099894877203,72.33226214821306,0.0014125673189677548,0.0008729178949440224,0.0013957054652653904,151.40365028381348,/orcd/home/002/corte911/code/finNN_code/src/volatility/experiments/exp_221_lstm_100_sgd_v5/trial_000_022/fold_000/model_best.pt
