trial,fold,tr_loss,val_loss,test_loss,tr_mae,val_mae,test_mae,tr_directional_accuracy_pct,val_directional_accuracy_pct,test_directional_accuracy_pct,tr_undershooting_pct,val_undershooting_pct,test_undershooting_pct,seconds,model_path
16,0,0.4376309053895575,0.4273305403684059,0.3814494249051562,0.5151963145184577,0.5070750648873656,0.48357544274913905,78.16907946270562,77.79104551323206,73.32713639462106,-0.000369570169094984,-0.0005891909085524853,-0.0003974610896303829,463.93329405784607,/orcd/home/002/corte911/code/finNN_code/src/volatility/experiments/exp_177_transformer_100_adam/trial_000_016/fold_000/model_best.pt
