Model,Train MSE,Val MSE,Test MSE,Train DirAcc,Val DirAcc,Test DirAcc,Train US,Val US,Test US,Alpha Train,Beta Train,Calib R2 Train,Alpha,Beta,Calib R2 Test,normalized
OLS,0.9924601658512413,,1.006817308988999,52.61309198641199,,50.34488839800412,50.21845694476591,,50.245245781137164,2.6227366839173154e-18,1.0000000000000002,0.007539834148758605,-0.003026059514082827,0.1567200748316026,0.000760826320550729,True
LASSO,0.9999757252302535,,1.0013300297668155,50.1668159264926,,49.883667225120895,50.134535247167065,,50.21061030364625,2.6227366839173154e-18,2.0528663461134693,0.00026237000784164123,-0.0027027549527284685,0.3274044959141498,6.8110293814451135e-06,True
NN,1.0012625232545251,,1.0029448217047292,49.867239152169574,,49.695319305185734,50.470487987231266,,50.51167690634694,1.6314661262162828e-18,1.4026462257508712e-20,-3.700743415417188e-17,-0.002709665900468316,-0.00021178400442592647,-5.28677630773884e-18,True
