Model,Train MSE,Val MSE,Test MSE,Train DirAcc,Val DirAcc,Test DirAcc,Train US,Val US,Test US,Alpha Train,Beta Train,Calib R2 Train,Alpha,Beta,Calib R2 Test,normalized
OLS,0.9960615240542022,,1.0035242753767468,51.929273544518374,,50.09568403908795,50.38954527175269,,50.827225841476654,3.469446951953614e-18,1.0,0.00393847594579777,0.0010459493307259258,0.04651606407420116,8.406705884977939e-06,True
LASSO,1.0,,1.0000009471453926,0.0,,0.0,50.29791750446685,,50.74443539630836,3.469446951953614e-18,0.0,0.0,0.0010605065241752103,0.0,-2.220446049250313e-16,True
NN,1.0002118044805606,,1.0002053141591334,49.70208249553315,,49.25556460369164,51.03043059960193,,51.39182953311617,-1.3010426069826053e-18,6.098637220230962e-20,0.0,0.0010602819517071841,-1.5430817693876374e-05,-2.220446049250313e-16,True
