trial,fold,tr_loss,val_loss,test_loss,tr_mae,val_mae,test_mae,tr_directional_accuracy_pct,val_directional_accuracy_pct,test_directional_accuracy_pct,tr_undershooting_pct,val_undershooting_pct,test_undershooting_pct,seconds,model_path
9,0,0.5417346829219698,0.5334999693913633,0.4459066295180751,0.5695765543093296,0.5683623221395268,0.5230217829311963,75.73425396733296,74.41071264789508,69.98734053948778,0.00019019838170610432,-0.000384205340016984,0.00021981585543850017,150.11277174949646,/orcd/home/002/corte911/code/finNN_code/src/volatility/experiments/exp_218_lstm_100_sgd_v2/trial_000_009/fold_000/model_best.pt
