trial,fold,tr_loss,val_loss,test_loss,tr_mae,val_mae,test_mae,tr_directional_accuracy_pct,val_directional_accuracy_pct,test_directional_accuracy_pct,tr_undershooting_pct,val_undershooting_pct,test_undershooting_pct,seconds,model_path
4,0,1.0006890953860546,0.9628645273783146,1.1880700692550625,0.7498418442277465,0.7224117133486977,0.8268214885367892,49.87205943045811,51.114459084123986,50.74443539630836,-0.0003587212386234793,-3.823921147966156e-05,-0.00010105469805086345,203.81548738479614,/orcd/home/002/corte911/code/finNN_code/src/price_prediction/experiments/exp_025_lstm_100_lr/trial_000_004/fold_000/model_best.pt
