trial,fold,tr_loss,val_loss,test_loss,tr_mae,val_mae,test_mae,tr_directional_accuracy_pct,val_directional_accuracy_pct,test_directional_accuracy_pct,tr_undershooting_pct,val_undershooting_pct,test_undershooting_pct,seconds,model_path
0,0,0.11489513125627901,0.12013166644267596,0.09871245221719188,0.25578867364035823,0.2641703458150524,0.2414592865237656,86.28685321213545,83.65941607537513,80.97789942682284,-0.000848493124837918,-0.0010252477060453847,-0.0002680810031470214,541.8568110466003,/orcd/home/002/corte911/code/finNN_code/src/volatility/experiments/exp_231_transformer_100_muon_snr/trial_20260219_033859/fold_000/model_best.pt
