trial,fold,tr_loss,val_loss,test_loss,tr_mae,val_mae,test_mae,tr_directional_accuracy_pct,val_directional_accuracy_pct,test_directional_accuracy_pct,tr_undershooting_pct,val_undershooting_pct,test_undershooting_pct,seconds,model_path
0,0,0.4331758320780826,0.4252033571928868,0.38044433486823725,0.5124425943363511,0.5059396963940571,0.4827057329187194,78.24271084162581,77.81697345120256,73.29969280889526,-4.470749884120146e-05,-0.000521990024195459,-0.0001329991468402076,51.11470031738281,/orcd/home/002/corte911/code/finNN_code/src/volatility/experiments/exp_209_mlp_100_adam_seeds/trial_20260126_011808/fold_000/model_best.pt
