trial,fold,tr_loss,val_loss,test_loss,tr_mae,val_mae,test_mae,tr_directional_accuracy_pct,val_directional_accuracy_pct,test_directional_accuracy_pct,tr_undershooting_pct,val_undershooting_pct,test_undershooting_pct,seconds,model_path
1,0,0.6323280344227559,0.6026227776838505,0.47478747002529204,0.6184682156515411,0.6113052605541425,0.5419080494464529,74.14703066523543,72.51091795483248,69.13145477562655,-0.0004207800766095684,-0.0016226686655485575,-0.0005638676026073907,150.59321331977844,/orcd/home/002/corte911/code/finNN_code/src/volatility/experiments/exp_218_lstm_100_sgd_v2/trial_000_001/fold_000/model_best.pt
