trial,fold,tr_loss,val_loss,test_loss,tr_mae,val_mae,test_mae,tr_directional_accuracy_pct,val_directional_accuracy_pct,test_directional_accuracy_pct,tr_undershooting_pct,val_undershooting_pct,test_undershooting_pct,seconds,model_path
23,0,0.45176747551848057,0.4457958429484727,0.39816171990263105,0.5221204649864281,0.516535507862176,0.4926756619450973,77.83039832893324,77.1934682761978,72.48559211749395,0.0007146221753279539,5.5721884025647096e-05,0.0006824470922236248,151.41607332229614,/orcd/home/002/corte911/code/finNN_code/src/volatility/experiments/exp_221_lstm_100_sgd_v5/trial_000_023/fold_000/model_best.pt
