trial,fold,tr_loss,val_loss,test_loss,tr_mae,val_mae,test_mae,tr_directional_accuracy_pct,val_directional_accuracy_pct,test_directional_accuracy_pct,seconds,model_path
0,0,0.8448033442268574,1.1493279224877553,0.7779844977679911,0.6571653605782326,0.74539060936249,0.6274898138849506,64.35958898369009,66.23698959167334,66.98172652804033,32.83537173271179,/orcd/home/002/corte911/code/finNN_code/src/volatility/experiments/exp_017_debug/trial_20251106_220725/fold_000/model_best.pt
0,1,0.8103163534484504,0.7461422558289892,0.6145379724189414,0.6128080962755822,0.5810586744248624,0.5264477801101737,68.11773681708112,70.54027119258298,73.69838093505548,59.361321687698364,/orcd/home/002/corte911/code/finNN_code/src/volatility/experiments/exp_017_debug/trial_20251106_220725/fold_001/model_best.pt
0,2,0.7945279873716359,0.6282243772773917,0.7176426824649005,0.6236177814256166,0.5526071903211334,0.5845204654273785,67.81642210427724,71.42919295192517,73.51424264064111,97.74579668045044,/orcd/home/002/corte911/code/finNN_code/src/volatility/experiments/exp_017_debug/trial_20251106_220725/fold_002/model_best.pt
0,3,0.7736840331950452,0.7623207683301676,0.821929416591174,0.5928582563377647,0.5768471041007384,0.5919812253258181,69.93517942993417,73.0210970464135,72.14611872146119,234.83455157279968,/orcd/home/002/corte911/code/finNN_code/src/volatility/experiments/exp_017_debug/trial_20251106_220725/fold_003/model_best.pt
0,4,0.8747473688603553,0.9261408448219299,0.9785599708557129,0.6799443975762269,0.6806858871922349,0.7142174486220206,63.81394213160786,66.78030303030303,61.23510292524377,38.55249619483948,/orcd/home/002/corte911/code/finNN_code/src/volatility/experiments/exp_017_debug/trial_20251106_220725/fold_004/model_best.pt
0,5,0.8985079271647247,0.9500992894172668,1.039544701576233,0.6881299492611285,0.7053851558607375,0.7523165145010319,64.1891891891892,61.68410563029397,62.83018867924528,10.043282985687256,/orcd/home/002/corte911/code/finNN_code/src/volatility/experiments/exp_017_debug/trial_20251106_220725/fold_005/model_best.pt
