trial,fold,tr_loss,val_loss,test_loss,tr_mae,val_mae,test_mae,tr_directional_accuracy_pct,val_directional_accuracy_pct,test_directional_accuracy_pct,tr_undershooting_pct,val_undershooting_pct,test_undershooting_pct,seconds,model_path
1,0,1.001235964520356,0.9635116965896562,1.1885980493082673,0.7501442908160437,0.7225002009692449,0.8269325645687008,49.87205943045811,51.114459084123986,50.74443539630836,-0.00046952539186524727,-0.00016049552519021312,-0.00020052728533388866,11.551293134689331,/orcd/home/002/corte911/code/finNN_code/src/price_prediction/experiments/exp_024_mlp_100_lr/trial_000_001/fold_000/model_best.pt
