trial,fold,tr_loss,val_loss,test_loss,tr_mae,val_mae,test_mae,tr_directional_accuracy_pct,val_directional_accuracy_pct,test_directional_accuracy_pct,tr_undershooting_pct,val_undershooting_pct,test_undershooting_pct,seconds,model_path
3,0,0.44173962645930637,0.4316692532863703,0.38823208662714287,0.5165013429469687,0.5078867697246623,0.48622963707379446,78.0387014418753,77.63565426593951,73.00206269531422,0.0009121829523610406,0.00030265807069297727,0.0008635480531658683,368.52480483055115,/orcd/home/002/corte911/code/finNN_code/src/volatility/experiments/exp_020_cnn_100_search/trial_000_003/fold_000/model_best.pt
