trial,fold,tr_loss,val_loss,test_loss,tr_mae,val_mae,test_mae,tr_directional_accuracy_pct,val_directional_accuracy_pct,test_directional_accuracy_pct,tr_undershooting_pct,val_undershooting_pct,test_undershooting_pct,seconds,model_path
15,0,1.0000309587079006,0.8892015297986685,0.6603288156474675,0.7944714140502608,0.76073665881438,0.6464688774660496,47.7082015724274,32.93694748798848,47.3272603333953,-0.0006359532592626467,-0.004336142048974258,-0.0007230124355247911,151.20177817344666,/orcd/home/002/corte911/code/finNN_code/src/volatility/experiments/exp_220_lstm_100_sgd_v4/trial_000_015/fold_000/model_best.pt
