trial,fold,tr_loss,val_loss,test_loss,tr_mae,val_mae,test_mae,tr_directional_accuracy_pct,val_directional_accuracy_pct,test_directional_accuracy_pct,tr_undershooting_pct,val_undershooting_pct,test_undershooting_pct,seconds,model_path
10,0,0.4420221329812313,0.43401349342285084,0.3860522369070922,0.5166730044965676,0.5098430896840016,0.4851779946153029,78.12132640923728,77.71167427454688,73.14565461804726,0.00026799692020683526,-0.00018627905453881975,0.00032995277709109243,1364.3012290000916,/orcd/home/002/corte911/code/finNN_code/src/volatility/experiments/exp_045_lstm_100_sgd_test/trial_000_010/fold_000/model_best.pt
