trial,fold,tr_loss,val_loss,test_loss,tr_mae,val_mae,test_mae,tr_directional_accuracy_pct,val_directional_accuracy_pct,test_directional_accuracy_pct,tr_undershooting_pct,val_undershooting_pct,test_undershooting_pct,seconds,model_path
10,0,0.47802169884474444,0.4802043694645585,0.4187533805739465,0.5373209344073208,0.5394344939021806,0.5081627705489381,77.06072122776987,75.73973994454596,71.15803078993262,-0.0005720003165347675,-0.0010492335700486833,-0.0007361664069097904,268.6530795097351,/orcd/home/002/corte911/code/finNN_code/src/volatility/experiments/exp_168_cnn_100_muon_icml_2/trial_000_010/fold_000/model_best.pt
