trial,fold,tr_loss,val_loss,test_loss,tr_mae,val_mae,test_mae,tr_directional_accuracy_pct,val_directional_accuracy_pct,test_directional_accuracy_pct,tr_undershooting_pct,val_undershooting_pct,test_undershooting_pct,seconds,model_path
23,0,0.43369375490423606,0.42511087903667677,0.38150398441938704,0.5125841947655865,0.5057096750391289,0.4826606343687201,78.2228089007514,77.88064682268113,73.24569091440257,0.00039938322650936314,-0.00031268487565256145,0.0005059325688389248,302.760844707489,/orcd/home/002/corte911/code/finNN_code/src/volatility/experiments/exp_020_cnn_100_search/trial_000_023/fold_000/model_best.pt
