trial,fold,tr_loss,val_loss,test_loss,tr_mae,val_mae,test_mae,tr_directional_accuracy_pct,val_directional_accuracy_pct,test_directional_accuracy_pct,tr_undershooting_pct,val_undershooting_pct,test_undershooting_pct,seconds,model_path
2,0,1.0011154234408808,0.9633713497824126,1.1884812324753802,0.7500781907724675,0.7224760033108611,0.8269051318836523,49.87205943045811,51.114459084123986,50.74443539630836,-0.00044779710078364846,-0.00013597501549876542,-0.00018194796119075385,140.9620599746704,/orcd/home/002/corte911/code/finNN_code/src/price_prediction/experiments/exp_025_lstm_100_lr/trial_000_002/fold_000/model_best.pt
