trial,fold,tr_loss,val_loss,test_loss,tr_mae,val_mae,test_mae,tr_directional_accuracy_pct,val_directional_accuracy_pct,test_directional_accuracy_pct,tr_undershooting_pct,val_undershooting_pct,test_undershooting_pct,seconds,model_path
21,0,0.43298523858701,0.4243450419968857,0.37942276111079387,0.5123810794549994,0.505300518499851,0.4822258540190744,78.23574806347733,77.78610685838055,73.31509662798007,-0.00010217837376536303,-0.00045793345001111756,-0.00017362164265542182,511.378689289093,/orcd/home/002/corte911/code/finNN_code/src/volatility/experiments/exp_021_mlp_100_search/trial_000_021/fold_000/model_best.pt
