trial,fold,tr_loss,val_loss,test_loss,tr_mae,val_mae,test_mae,tr_directional_accuracy_pct,val_directional_accuracy_pct,test_directional_accuracy_pct,seconds,model_path
0,0,0.8490297875300928,1.1929277652163235,0.7808761881645225,0.6394085488841419,0.7348487970063551,0.609539155212928,65.03176492280872,66.84547638110489,67.9437093047679,35.383920192718506,/orcd/home/002/corte911/code/finNN_code/src/volatility/experiments/exp_017_debug/trial_20251106_195014/fold_000/model_best.pt
0,1,0.8148067878067264,0.7475817329569361,0.6059306599821896,0.5956040608901226,0.5636638235499346,0.5069003147668615,68.39748338659207,71.02044514239121,74.16408950336547,132.5195243358612,/orcd/home/002/corte911/code/finNN_code/src/volatility/experiments/exp_017_debug/trial_20251106_195014/fold_001/model_best.pt
0,2,0.800451824620408,0.6143449862625175,0.7190042322995615,0.5990504507492975,0.5195584628902001,0.5554376081711696,68.30221667187013,72.44289754187514,74.44259303340475,184.65037202835083,/orcd/home/002/corte911/code/finNN_code/src/volatility/experiments/exp_017_debug/trial_20251106_195014/fold_002/model_best.pt
0,3,0.7787737671877081,0.7692617112775392,0.833048535373113,0.5772218224561732,0.5650152047072785,0.5802478900601693,70.1203810586937,72.9620253164557,71.96347031963471,100.71079468727112,/orcd/home/002/corte911/code/finNN_code/src/volatility/experiments/exp_017_debug/trial_20251106_195014/fold_003/model_best.pt
0,4,0.8807609188529019,0.9282376170158386,0.9875473976135254,0.674313574683723,0.6719617901426373,0.7078807958931473,64.3389085581736,67.1969696969697,61.08342361863489,24.2018301486969,/orcd/home/002/corte911/code/finNN_code/src/volatility/experiments/exp_017_debug/trial_20251106_195014/fold_004/model_best.pt
0,5,0.9023182840006044,0.9576848745346069,1.051196575164795,0.6847692750278062,0.7029669837210388,0.7550397764961675,64.03692424819185,61.285500747384155,62.5,13.591153144836426,/orcd/home/002/corte911/code/finNN_code/src/volatility/experiments/exp_017_debug/trial_20251106_195014/fold_005/model_best.pt
