trial,fold,tr_loss,val_loss,test_loss,tr_mae,val_mae,test_mae,tr_directional_accuracy_pct,val_directional_accuracy_pct,test_directional_accuracy_pct,tr_undershooting_pct,val_undershooting_pct,test_undershooting_pct,seconds,model_path
7,0,0.48976153465270333,0.4880387330482657,0.42701406710754186,0.5452622467946742,0.5462336716068464,0.5142517422146807,76.7431605210479,75.45400348527929,70.67254490567375,-0.0012066191020019233,-0.0018169797801822739,-0.0013285306230391095,151.6025369167328,/orcd/home/002/corte911/code/finNN_code/src/volatility/experiments/exp_220_lstm_100_sgd_v4/trial_000_007/fold_000/model_best.pt
