trial,fold,tr_loss,val_loss,test_loss,tr_mae,val_mae,test_mae,tr_directional_accuracy_pct,val_directional_accuracy_pct,test_directional_accuracy_pct,tr_undershooting_pct,val_undershooting_pct,test_undershooting_pct,seconds,model_path
0,0,0.4401603085234761,0.4291259245185395,0.38264388482448164,0.5166240087192251,0.5091267442311992,0.48362218736098384,78.16861527749572,77.79845349550935,73.23984808647386,0.0003067000443687285,-0.0006725399127592001,0.0003826531703496262,111.54607009887695,/orcd/home/002/corte911/code/finNN_code/src/volatility/experiments/exp_021_mlp_100_search/trial_000_000/fold_000/model_best.pt
