trial,fold,tr_loss,val_loss,test_loss,tr_mae,val_mae,test_mae,tr_directional_accuracy_pct,val_directional_accuracy_pct,test_directional_accuracy_pct,tr_undershooting_pct,val_undershooting_pct,test_undershooting_pct,seconds,model_path
0,0,0.4552810182670738,0.45309402681318656,0.3976443605987302,0.528532524384456,0.5292392158773399,0.4974778519958016,77.57277553743944,76.86398944538907,72.33297036978018,-0.002138852135880352,-0.002879782018196635,-0.002249438129264858,1761.2143635749817,/orcd/home/002/corte911/code/finNN_code/src/volatility/experiments/exp_213_lstm_100_sgd_seeds/trial_20260126_042506/fold_000/model_best.pt
