trial,fold,tr_loss,val_loss,test_loss,tr_mae,val_mae,test_mae,tr_directional_accuracy_pct,val_directional_accuracy_pct,test_directional_accuracy_pct,tr_undershooting_pct,val_undershooting_pct,test_undershooting_pct,seconds,model_path
2,0,0.49763823846594957,0.4953410961872722,0.42059893258514414,0.5491610397006413,0.5512298038608541,0.5108883710191585,76.64829266877484,75.4190801402578,71.10296656308927,-0.0011437738469847155,-0.0017578623859997697,-0.0014207930777434864,44.82923936843872,/orcd/home/002/corte911/code/finNN_code/src/volatility/experiments/exp_044_mlp_100_sgd_test/trial_000_002/fold_000/model_best.pt
