trial,fold,tr_loss,val_loss,test_loss,tr_mae,val_mae,test_mae,tr_directional_accuracy_pct,val_directional_accuracy_pct,test_directional_accuracy_pct,tr_undershooting_pct,val_undershooting_pct,test_undershooting_pct,seconds,model_path
1,0,0.43172288751795157,0.4298165359255286,0.38365262644332865,0.511048465168657,0.5084215338759203,0.4841551651553329,78.23023586410979,77.68098406225528,73.13396896218983,0.00041579097987514774,-0.00021469409994018344,0.0005022777166997159,142.86936163902283,/orcd/home/002/corte911/code/finNN_code/src/volatility/experiments/exp_169_cnn_100_muon_icml_3/trial_000_001/fold_000/model_best.pt
