trial,fold,tr_loss,val_loss,test_loss,tr_mae,val_mae,test_mae,tr_directional_accuracy_pct,val_directional_accuracy_pct,test_directional_accuracy_pct,seconds,model_path
0,0,1.6989467807109698e-06,3.9950962349041404e-07,2.3690388060868876e-07,0.0004094966886083444,0.00021910111475158592,0.0001689533367599,99.99279029367537,99.9927215381816,100.0,175.84444427490234,/orcd/home/002/corte911/code/finNN_code/src/volatility/experiments/exp_006_cnn_40/trial_20251102_135404/fold_000/model_best.pt
0,1,1.2421182750892142e-06,2.424928820591186e-07,2.565774652723995e-07,0.00033520549247887304,0.0002029406845974867,0.00018917798874728016,86.92206757258076,68.05777199640602,64.19929201669572,95.38043212890625,/orcd/home/002/corte911/code/finNN_code/src/volatility/experiments/exp_006_cnn_40/trial_20251102_135404/fold_001/model_best.pt
0,2,8.146807998185421e-07,1.860260995030169e-07,1.0920210066317459e-07,0.000252248711067092,0.00017280674125242054,0.00016890367778882222,99.99622394090125,99.99656868351825,100.0,175.2123191356659,/orcd/home/002/corte911/code/finNN_code/src/volatility/experiments/exp_006_cnn_40/trial_20251102_135404/fold_002/model_best.pt
