trial,fold,tr_loss,val_loss,test_loss,tr_mae,val_mae,test_mae,tr_directional_accuracy_pct,val_directional_accuracy_pct,test_directional_accuracy_pct,tr_undershooting_pct,val_undershooting_pct,test_undershooting_pct,seconds,model_path
9,0,1.0001445715053967,0.9621598166409667,1.187555734264734,0.7495243072744247,0.7224437124995812,0.8267888966911391,49.87205943045811,51.114459084123986,50.74443539630836,-0.00017975989525271312,0.00014703096187530714,4.818364947500369e-05,36.51382088661194,/orcd/home/002/corte911/code/finNN_code/src/price_prediction/experiments/exp_026_cnn_100_lr/trial_000_009/fold_000/model_best.pt
