trial,fold,tr_loss,val_loss,test_loss,tr_mae,val_mae,test_mae,tr_directional_accuracy_pct,val_directional_accuracy_pct,test_directional_accuracy_pct,tr_undershooting_pct,val_undershooting_pct,test_undershooting_pct,seconds,model_path
25,0,0.45065984526351205,0.4381097677377399,0.3905994078202656,0.5225988359785242,0.5139197759838423,0.48836075807234264,77.96907366039049,77.5084839035128,72.90822333767119,0.0006607702252288591,-0.00041430795856052993,0.000580081262205542,151.35819387435913,/orcd/home/002/corte911/code/finNN_code/src/volatility/experiments/exp_221_lstm_100_sgd_v5/trial_000_025/fold_000/model_best.pt
