trial,fold,tr_loss,val_loss,test_loss,tr_mae,val_mae,test_mae,tr_directional_accuracy_pct,val_directional_accuracy_pct,test_directional_accuracy_pct,tr_undershooting_pct,val_undershooting_pct,test_undershooting_pct,seconds,model_path
0,0,0.4298684554198395,0.42336043678239593,0.38002993943142294,0.5103681231799769,0.5042811150378899,0.48224297643392733,78.28854913110331,77.90392905269545,73.31208668631982,0.00025323351250778286,-0.00015866614806741135,0.00020442896696653705,315.9379663467407,/orcd/home/002/corte911/code/finNN_code/src/volatility/experiments/exp_206_cnn_100_adam_seeds/trial_20260126_020651/fold_000/model_best.pt
