trial,fold,tr_loss,val_loss,test_loss,tr_mae,val_mae,test_mae,tr_directional_accuracy_pct,val_directional_accuracy_pct,test_directional_accuracy_pct,tr_undershooting_pct,val_undershooting_pct,test_undershooting_pct,seconds,model_path
5,0,0.5330578164916814,0.534519294380611,0.4591708621094792,0.5706395301529998,0.5740821231263427,0.5350836516699367,76.0616786097653,74.45163293095055,69.90571800387751,-0.0021948273092894798,-0.0023381134178576575,-0.0021171008215904665,64.01934242248535,/orcd/home/002/corte911/code/finNN_code/src/volatility/experiments/exp_216_cnn_100_sgd_v2/trial_000_005/fold_000/model_best.pt
