trial,fold,tr_loss,val_loss,test_loss,tr_mae,val_mae,test_mae,tr_directional_accuracy_pct,val_directional_accuracy_pct,test_directional_accuracy_pct,tr_undershooting_pct,val_undershooting_pct,test_undershooting_pct,seconds,model_path
19,0,0.4258831785086874,0.4252880926616276,0.3820649844575675,0.5080357815429489,0.5064158073443971,0.4841261208954964,78.3578287736807,77.80162834505676,73.18708557972361,-0.0003200792743033005,-0.0005982769173212433,-0.0002282328461029107,959.9945411682129,/orcd/home/002/corte911/code/finNN_code/src/volatility/experiments/exp_019_lstm_100_search/trial_000_019/fold_000/model_best.pt
