trial,fold,tr_loss,val_loss,test_loss,tr_mae,val_mae,test_mae,tr_directional_accuracy_pct,val_directional_accuracy_pct,test_directional_accuracy_pct,tr_undershooting_pct,val_undershooting_pct,test_undershooting_pct,seconds,model_path
0,0,0.1476021534200044,0.1566700694884227,0.11630835894043343,0.29789541803100417,0.31280047306232217,0.268089332817219,83.18229018852792,79.57844463030852,77.50786757482607,-0.002086936403418601,-0.002448687708456764,-0.0014541429465363298,70.27122402191162,/orcd/home/002/corte911/code/finNN_code/src/volatility/experiments/exp_224_mlp_100_sgd_snr/trial_20260218_220650/fold_000/model_best.pt
