trial,fold,tr_loss,val_loss,test_loss,tr_mae,val_mae,test_mae,tr_directional_accuracy_pct,val_directional_accuracy_pct,test_directional_accuracy_pct,tr_undershooting_pct,val_undershooting_pct,test_undershooting_pct,seconds,model_path
14,0,0.7024843928935602,0.6761939294702956,0.6340790902261028,0.6677345887620488,0.6585119812607262,0.6408467411295249,72.98018509385244,70.05376078566944,66.18897121964606,-0.004591093545047313,-0.0045032858022662735,-0.005412779754441992,151.17497634887695,/orcd/home/002/corte911/code/finNN_code/src/volatility/experiments/exp_221_lstm_100_sgd_v5/trial_000_014/fold_000/model_best.pt
