trial,fold,tr_loss,val_loss,test_loss,tr_mae,val_mae,test_mae,tr_directional_accuracy_pct,val_directional_accuracy_pct,test_directional_accuracy_pct,tr_undershooting_pct,val_undershooting_pct,test_undershooting_pct,seconds,model_path
34,0,0.4326899459926864,0.4294709937563682,0.38174131123187327,0.5122978179328709,0.5095048345868937,0.4842171090388714,78.23609620238476,77.68856842506297,73.18956435520853,-0.0004623868352747305,-0.0009097474038982337,-0.0004407783806182063,342.49534130096436,/orcd/home/002/corte911/code/finNN_code/src/volatility/experiments/exp_168_cnn_100_muon_icml_2/trial_000_034/fold_000/model_best.pt
