trial,fold,tr_loss,val_loss,test_loss,tr_mae,val_mae,test_mae,tr_directional_accuracy_pct,val_directional_accuracy_pct,test_directional_accuracy_pct,tr_undershooting_pct,val_undershooting_pct,test_undershooting_pct,seconds,model_path
26,0,0.4274785135524067,0.42362296583076564,0.3802633744881204,0.5093120420477458,0.5057565071703922,0.4833597563434244,78.34755867591169,77.83531702636536,73.28623659912003,-0.0003553941461573679,-0.000743179379439115,-0.00037806992978959094,145.47077465057373,/orcd/home/002/corte911/code/finNN_code/src/volatility/experiments/exp_169_cnn_100_muon_icml_3/trial_000_026/fold_000/model_best.pt
