trial,fold,tr_loss,val_loss,test_loss,tr_mae,val_mae,test_mae,tr_directional_accuracy_pct,val_directional_accuracy_pct,test_directional_accuracy_pct,tr_undershooting_pct,val_undershooting_pct,test_undershooting_pct,seconds,model_path
6,0,0.43783363396624314,0.42865982794036844,0.384198018235225,0.5143826334583476,0.5062347690502961,0.48354927563941896,78.12579419188256,77.8358461679566,73.18991846599208,0.0006559153267033345,0.0001375549624552747,0.0007083247443250751,1729.7380607128143,/orcd/home/002/corte911/code/finNN_code/src/volatility/experiments/exp_039_lstm_100_adam_lr/trial_000_006/fold_000/model_best.pt
