Model,Train MSE,Val MSE,Test MSE,Train DirAcc,Val DirAcc,Test DirAcc,Train US,Val US,Test US,Alpha Train,Beta Train,Calib R2 Train,Alpha,Beta,Calib R2 Test,normalized
OLS,0.44708983950557746,,0.5751626232888088,77.51398660324851,,72.99108526102391,48.72764915914471,,48.347807611611294,-2.185751579730777e-16,1.0000000000000013,0.5529101604944227,-0.0016089462437426025,0.9638471531305495,0.42546014269818055,True
LASSO,0.4520902588962938,,0.5771468257224658,77.46844882523011,,72.96098584442142,48.731927876542414,,48.885524836445086,-2.185751579730777e-16,1.0942220014798099,0.5520026770579524,0.0008428121084364526,1.0504439436396016,0.42385252109215465,True
NN,0.4469312122745172,,0.5755509606677619,77.5096642254692,,72.97337972184597,46.47259044902956,,46.436317601961775,-0.03691904227450783,1.0065266053724344,0.5544374962052974,-0.02975178683000864,0.9727045688333832,0.42631787584485037,True
