trial,fold,tr_loss,val_loss,test_loss,tr_mae,val_mae,test_mae,tr_directional_accuracy_pct,val_directional_accuracy_pct,test_directional_accuracy_pct,tr_undershooting_pct,val_undershooting_pct,test_undershooting_pct,seconds,model_path
3,0,0.43297935143059096,0.4244278594411521,0.3797216958722039,0.5122366934611988,0.5049805714951039,0.4821234329214582,78.24201456381095,77.82790904408807,73.32217884365123,4.7213363254581095e-05,-0.0003095095097858427,-1.3534838200176915e-05,391.8204011917114,/orcd/home/002/corte911/code/finNN_code/src/volatility/experiments/exp_021_mlp_100_search/trial_000_003/fold_000/model_best.pt
