trial,fold,tr_loss,val_loss,test_loss,tr_mae,val_mae,test_mae,tr_directional_accuracy_pct,val_directional_accuracy_pct,test_directional_accuracy_pct,tr_undershooting_pct,val_undershooting_pct,test_undershooting_pct,seconds,model_path
35,0,0.427175780596028,0.4233582425468546,0.38008471805413047,0.5092220050902849,0.5057780013944535,0.4833050126836673,78.32150628100612,77.83425874318289,73.27667560796395,-0.0004058244240882624,-0.0007969211318074905,-0.0004577182866467053,284.8306438922882,/orcd/home/002/corte911/code/finNN_code/src/volatility/experiments/exp_169_cnn_100_muon_icml_3/trial_000_035/fold_000/model_best.pt
