trial,fold,tr_loss,val_loss,test_loss,tr_mae,val_mae,test_mae,tr_directional_accuracy_pct,val_directional_accuracy_pct,test_directional_accuracy_pct,tr_undershooting_pct,val_undershooting_pct,test_undershooting_pct,seconds,model_path
6,0,0.4535195064352388,0.44885013632739734,0.3997542217332822,0.5240897484282753,0.5178043343221024,0.49514328155708043,78.02112042705039,77.33280889522291,72.82925663293761,-9.507832602831516e-05,0.00023022676195638206,-0.00024171001962304737,151.37351179122925,/orcd/home/002/corte911/code/finNN_code/src/volatility/experiments/exp_221_lstm_100_sgd_v5/trial_000_006/fold_000/model_best.pt
