Model,Train MSE,Val MSE,Test MSE,Train DirAcc,Val DirAcc,Test DirAcc,Train US,Val US,Test US,Alpha Train,Beta Train,Calib R2 Train,Alpha,Beta,Calib R2 Test,normalized
OLS,0.44708983950557746,,0.5751626232888088,77.51398660324851,,72.99108526102391,48.72764915914471,,48.347807611611294,-2.185751579730777e-16,1.0000000000000013,0.5529101604944227,-0.0016089462437426025,0.9638471531305495,0.42546014269818055,True
LASSO,0.4520902588962938,,0.5771468257224658,77.46844882523011,,72.96098584442142,48.731927876542414,,48.885524836445086,-2.185751579730777e-16,1.0942220014798099,0.5520026770579524,0.0008428121084364526,1.0504439436396016,0.42385252109215465,True
NN,0.4435118894526921,,0.573840464595341,77.59410340350139,,73.04473304473305,48.017207429599814,,48.02273391230447,-0.013263025567472744,1.0195730202612876,0.5568625527956729,-0.007951291963517137,0.9849199965478824,0.42637929182892087,True
