trial,fold,tr_loss,val_loss,test_loss,tr_mae,val_mae,test_mae,tr_directional_accuracy_pct,val_directional_accuracy_pct,test_directional_accuracy_pct,tr_undershooting_pct,val_undershooting_pct,test_undershooting_pct,seconds,model_path
2,0,0.5191620754419541,0.5154467231323754,0.43644778677633916,0.5585828040798435,0.5604508399781712,0.5188512362616082,76.16960167106676,74.76435561137019,70.29364636726599,-0.00035049300124755973,-0.0011579506292402283,-0.0005271850434505747,404.8582446575165,/orcd/home/002/corte911/code/finNN_code/src/volatility/experiments/exp_168_cnn_100_muon_icml_2/trial_000_002/fold_000/model_best.pt
