trial,fold,tr_loss,val_loss,test_loss,tr_mae,val_mae,test_mae,tr_directional_accuracy_pct,val_directional_accuracy_pct,test_directional_accuracy_pct,tr_undershooting_pct,val_undershooting_pct,test_undershooting_pct,seconds,model_path
0,0,0.09710902550537368,0.10261434528362272,0.08483218196395309,0.23928078952684156,0.24777866075000035,0.22692070027931083,87.00119076563543,84.37306018085195,81.83132409680476,-0.0004789032463614885,-0.000879164885915656,5.445198336057355e-05,910.3873400688171,/orcd/home/002/corte911/code/finNN_code/src/volatility/experiments/exp_232_lstm_100_adam_snr/trial_20260219_042241/fold_000/model_best.pt
