trial,fold,tr_loss,val_loss,test_loss,tr_mae,val_mae,test_mae,tr_directional_accuracy_pct,val_directional_accuracy_pct,test_directional_accuracy_pct,tr_undershooting_pct,val_undershooting_pct,test_undershooting_pct,seconds,model_path
13,0,0.4331436436280538,0.4253111869213031,0.3812762497571779,0.5131700699360294,0.5075036200553648,0.4843586340473922,78.20337114508689,77.73672030986532,73.23967103108207,-0.0007421841401856563,-0.0010887132419898405,-0.0007960632313358325,262.4651985168457,/orcd/home/002/corte911/code/finNN_code/src/volatility/experiments/exp_020_cnn_100_search/trial_000_013/fold_000/model_best.pt
