trial,fold,tr_loss,val_loss,test_loss,tr_mae,val_mae,test_mae,tr_directional_accuracy_pct,val_directional_accuracy_pct,test_directional_accuracy_pct,tr_undershooting_pct,val_undershooting_pct,test_undershooting_pct,seconds,model_path
3,0,1.2699127156110077,0.8008510123638882,0.9074461502260335,0.8794022674812876,0.6999079091241484,0.7504608670582358,52.2917984275726,67.06305251201151,52.6727396666047,0.004511172317566969,0.0014606936247458003,0.005456851890707895,47.25454092025757,/orcd/home/002/corte911/code/finNN_code/src/volatility/experiments/exp_038_mlp_100_adam_lr/trial_000_003/fold_000/model_best.pt
