trial,fold,tr_loss,val_loss,test_loss,tr_mae,val_mae,test_mae,tr_directional_accuracy_pct,val_directional_accuracy_pct,test_directional_accuracy_pct,tr_undershooting_pct,val_undershooting_pct,test_undershooting_pct,seconds,model_path
11,0,0.46034957943705795,0.4567732581439531,0.3997677602678895,0.5272767634334927,0.5244641828190812,0.4941254745741541,77.80991615654646,77.11215685167808,72.44362998964226,0.000155199452166444,-0.0006772448293791293,0.00024275266030535087,998.2904486656189,/orcd/home/002/corte911/code/finNN_code/src/volatility/experiments/exp_045_lstm_100_sgd_test/trial_000_011/fold_000/model_best.pt
