trial,fold,tr_loss,val_loss,test_loss,tr_mae,val_mae,test_mae,tr_directional_accuracy_pct,val_directional_accuracy_pct,test_directional_accuracy_pct,tr_undershooting_pct,val_undershooting_pct,test_undershooting_pct,seconds,model_path
10,0,1.0001770462705792,0.9622067216782677,1.187585488709254,0.7495443537277948,0.7224320302878028,0.8267844897010298,49.87205943045811,51.114459084123986,50.74443539630836,-0.00019450813442636915,0.00013157352500411116,3.292767561559569e-05,12.40586256980896,/orcd/home/002/corte911/code/finNN_code/src/price_prediction/experiments/exp_024_mlp_100_lr/trial_000_010/fold_000/model_best.pt
