trial,fold,tr_loss,val_loss,test_loss,tr_mae,val_mae,test_mae,tr_directional_accuracy_pct,val_directional_accuracy_pct,test_directional_accuracy_pct,tr_undershooting_pct,val_undershooting_pct,test_undershooting_pct,seconds,model_path
23,0,0.48345673748260554,0.47849005877983003,0.4224304418633959,0.5414688051474922,0.538090871504193,0.5111335023935676,77.27598711886043,76.04664206746203,71.52258784160625,-0.0009580695887466037,-0.001002773274055863,-0.0010143439867827465,121.77639245986938,/orcd/home/002/corte911/code/finNN_code/src/volatility/experiments/exp_168_cnn_100_muon_icml_2/trial_000_023/fold_000/model_best.pt
