trial,fold,tr_loss,val_loss,test_loss,tr_mae,val_mae,test_mae,tr_directional_accuracy_pct,val_directional_accuracy_pct,test_directional_accuracy_pct,tr_undershooting_pct,val_undershooting_pct,test_undershooting_pct,seconds,model_path
15,0,0.5374040235612345,0.5380109810323861,0.4743078850285895,0.5664727600995414,0.5632558751889615,0.5360662680292185,75.900258203023,75.26227784872195,69.95688701210173,0.0024780169172169955,0.002287950029974619,0.0027621653170766263,151.51438570022583,/orcd/home/002/corte911/code/finNN_code/src/volatility/experiments/exp_221_lstm_100_sgd_v5/trial_000_015/fold_000/model_best.pt
