trial,fold,tr_loss,val_loss,test_loss,tr_mae,val_mae,test_mae,tr_directional_accuracy_pct,val_directional_accuracy_pct,test_directional_accuracy_pct,tr_undershooting_pct,val_undershooting_pct,test_undershooting_pct,seconds,model_path
0,0,0.12054476062131256,0.13059672778105616,0.09766526664861439,0.26820813443064523,0.28318202621837224,0.24443930140827247,85.1068803373498,81.89942234485777,79.82844169151417,-0.002146401917403602,-0.002290670766098291,-0.001492585494855333,74.28770279884338,/orcd/home/002/corte911/code/finNN_code/src/volatility/experiments/exp_224_mlp_100_sgd_snr/trial_20260218_215955/fold_000/model_best.pt
