trial,fold,tr_loss,val_loss,test_loss,tr_mae,val_mae,test_mae,tr_directional_accuracy_pct,val_directional_accuracy_pct,test_directional_accuracy_pct,tr_undershooting_pct,val_undershooting_pct,test_undershooting_pct,seconds,model_path
1,0,1.0055597640919607,0.8400656233433429,0.6623838781332193,0.7930120800914409,0.7356659549821354,0.6449135487281337,52.2917984275726,67.06305251201151,52.6727396666047,0.00015326604757646782,-0.0035250806520160456,0.00023871810749323682,453.9607973098755,/orcd/home/002/corte911/code/finNN_code/src/volatility/experiments/exp_039_lstm_100_adam_lr/trial_000_001/fold_000/model_best.pt
