trial,fold,tr_loss,val_loss,test_loss,tr_mae,val_mae,test_mae,tr_directional_accuracy_pct,val_directional_accuracy_pct,test_directional_accuracy_pct,tr_undershooting_pct,val_undershooting_pct,test_undershooting_pct,seconds,model_path
21,0,0.4269748825525649,0.4238501018673937,0.37969356289234657,0.5088675976001534,0.5055102448977522,0.48278684858139903,78.35585598653863,77.80885994680364,73.26268823201339,-0.0002158341666744564,-0.0005647079934131138,-0.00021719977684802954,405.3667721748352,/orcd/home/002/corte911/code/finNN_code/src/volatility/experiments/exp_020_cnn_100_search/trial_000_021/fold_000/model_best.pt
