trial,fold,tr_loss,val_loss,test_loss,tr_mae,val_mae,test_mae,tr_directional_accuracy_pct,val_directional_accuracy_pct,test_directional_accuracy_pct,tr_undershooting_pct,val_undershooting_pct,test_undershooting_pct,seconds,model_path
0,0,0.5079947807261158,0.5309092223865872,0.4380022618563733,0.5614988292242667,0.5809235111550626,0.5257841167757771,76.14691461893295,74.6923923549623,70.14350339503714,-0.0032895515224371902,-0.004434033991044249,-0.0033497810258236293,125.07698440551758,/orcd/home/002/corte911/code/finNN_code/src/volatility/experiments/exp_207_cnn_100_sgd_seeds/trial_20260126_023057/fold_000/model_best.pt
