trial,fold,tr_loss,val_loss,test_loss,tr_mae,val_mae,test_mae,tr_directional_accuracy_pct,val_directional_accuracy_pct,test_directional_accuracy_pct,tr_undershooting_pct,val_undershooting_pct,test_undershooting_pct,seconds,model_path
5,0,0.4384712107347071,0.42944977077362173,0.3810352251088649,0.5151498046280036,0.5081112027535812,0.483455914798179,78.12411152049668,77.65858373489301,73.23382820315335,-7.159975746834523e-05,-0.00041173625483037957,-0.00020119945796579405,54.31570053100586,/orcd/home/002/corte911/code/finNN_code/src/volatility/experiments/exp_038_mlp_100_adam_lr/trial_000_005/fold_000/model_best.pt
