trial,fold,tr_loss,val_loss,test_loss,tr_mae,val_mae,test_mae,tr_directional_accuracy_pct,val_directional_accuracy_pct,test_directional_accuracy_pct,tr_undershooting_pct,val_undershooting_pct,test_undershooting_pct,seconds,model_path
0,0,0.4348137925947272,0.42492822917955886,0.380673891024994,0.5139187640751472,0.5067404883319594,0.4828511219363884,78.15596623052598,77.8511912741024,73.32642817305394,-0.0002590188462995197,-0.0008694018626218288,-0.00023457637116779833,876.851621389389,/orcd/home/002/corte911/code/finNN_code/src/volatility/experiments/exp_211_lstm_100_adam_seeds/trial_20260126_031514/fold_000/model_best.pt
