trial,fold,tr_loss,val_loss,test_loss,tr_mae,val_mae,test_mae,tr_directional_accuracy_pct,val_directional_accuracy_pct,test_directional_accuracy_pct,tr_undershooting_pct,val_undershooting_pct,test_undershooting_pct,seconds,model_path
0,0,0.1353966532479285,0.12359457138291834,0.11058370625415771,0.28783627855989447,0.28069839772268407,0.262883848844197,84.6380535623698,81.53717851631023,78.58883067465582,0.0008858957664617358,-0.0005510712148491391,0.0016948711703816833,900.9962306022644,/orcd/home/002/corte911/code/finNN_code/src/volatility/experiments/exp_230_lstm_100_sgd_snr/trial_20260219_022209/fold_000/model_best.pt
