trial,fold,tr_loss,val_loss,test_loss,tr_mae,val_mae,test_mae,tr_directional_accuracy_pct,val_directional_accuracy_pct,test_directional_accuracy_pct,tr_undershooting_pct,val_undershooting_pct,test_undershooting_pct,seconds,model_path
4,0,0.4328437075005827,0.430008975881821,0.3830064934982155,0.5120574162313419,0.5094251520124577,0.4842200324412508,78.24259479532333,77.68698100028926,73.13928062394321,0.0001290056377544689,-0.0005692605226650605,0.000259067154273436,121.39434790611267,/orcd/home/002/corte911/code/finNN_code/src/volatility/experiments/exp_169_cnn_100_muon_icml_3/trial_000_004/fold_000/model_best.pt
