trial,fold,tr_loss,val_loss,test_loss,tr_mae,val_mae,test_mae,tr_directional_accuracy_pct,val_directional_accuracy_pct,test_directional_accuracy_pct,seconds,model_path
0,0,2.4095817934721708e-05,2.3879694708739407e-05,2.3688075089012273e-05,0.003909622319042683,0.0038974497001618147,0.003882816294208169,93.5015618801117,90.96143841743469,89.35011625289917,84.60717439651489,/orcd/home/002/corte911/code/finNN_code/src/price_prediction/experiments/exp_009_mlp_nonlinreg/trial_20251019_205735/fold_000/model_best.pt
0,1,2.3255999622051604e-05,2.3664058971917257e-05,2.3637858248548582e-05,0.0038460593204945326,0.0038788416422903538,0.003874338697642088,92.3484206199646,89.30930495262146,88.59065175056458,82.39685368537903,/orcd/home/002/corte911/code/finNN_code/src/price_prediction/experiments/exp_009_mlp_nonlinreg/trial_20251019_205735/fold_001/model_best.pt
0,2,2.2715652448823676e-05,2.3019612854113802e-05,2.318349652341567e-05,0.0038013928569853306,0.0038218817207962275,0.0038411314599215984,91.28041863441467,88.75211477279663,88.64107131958008,82.47113394737244,/orcd/home/002/corte911/code/finNN_code/src/price_prediction/experiments/exp_009_mlp_nonlinreg/trial_20251019_205735/fold_002/model_best.pt
