trial,fold,tr_loss,val_loss,test_loss,tr_mae,val_mae,test_mae,tr_directional_accuracy_pct,val_directional_accuracy_pct,test_directional_accuracy_pct,tr_undershooting_pct,val_undershooting_pct,test_undershooting_pct,seconds,model_path
8,0,1.000295856871283,0.8739364127312317,0.6596068356871887,0.7935324226739516,0.753078707302063,0.6453827878782346,52.2917984275726,67.06305251201151,52.6727396666047,-0.00041443097926523886,-0.00410739138917648,-0.0004450956995162023,150.31502676010132,/orcd/home/002/corte911/code/finNN_code/src/volatility/experiments/exp_219_lstm_100_sgd_v3/trial_000_008/fold_000/model_best.pt
