Model,Train MSE,Val MSE,Test MSE,Train DirAcc,Val DirAcc,Test DirAcc,Train US,Val US,Test US,Alpha Train,Beta Train,Calib R2 Train,Alpha,Beta,Calib R2 Test,normalized
OLS,0.2390318237696246,,0.3221066370410272,84.53733879041425,,79.78487352338284,46.84978414361362,,48.3204650635601,2.3592239273284576e-16,0.9999999999999974,0.7609681762303755,0.005422604330686148,0.9215146107489387,0.6828484900337513,True
LASSO,0.2521834719138056,,0.3257187873269331,84.37631816738829,,79.5068881584382,46.31668982171184,,48.940216817057966,-0.0038309274679172826,1.1443936378964161,0.7599144265869182,0.00345531898188328,1.0464632063085912,0.6757770012850344,True
NN,0.23518006123659665,,0.32868681891604506,84.65798234624896,,79.90916967481283,45.43722073138083,,48.18156843684622,-0.00851349449422556,0.9778202352865815,0.765403708911685,0.006355737922432915,0.8863955568558017,0.6825520567884837,True
