trial,fold,tr_loss,val_loss,test_loss,tr_mae,val_mae,test_mae,tr_directional_accuracy_pct,val_directional_accuracy_pct,test_directional_accuracy_pct,tr_undershooting_pct,val_undershooting_pct,test_undershooting_pct,seconds,model_path
1,0,0.6856568605592908,0.6199376849509701,0.4908561793574119,0.6442339633699393,0.6223684677246641,0.551019099020441,74.95616350924018,73.55315050903421,69.51070742481785,0.00015237700303169638,-0.002101869126323122,0.00010596680315234913,151.00430512428284,/orcd/home/002/corte911/code/finNN_code/src/volatility/experiments/exp_221_lstm_100_sgd_v5/trial_000_001/fold_000/model_best.pt
1,0,0.6856568605592908,0.6199376849509701,0.4908561793574119,0.6442339633699393,0.6223684677246641,0.551019099020441,74.95616350924018,73.55315050903421,69.51070742481785,0.00015237700303169638,-0.002101869126323122,0.00010596680315234913,151.48852682113647,/orcd/home/002/corte911/code/finNN_code/src/volatility/experiments/exp_221_lstm_100_sgd_v5/trial_000_001/fold_000/model_best.pt
