trial,fold,tr_loss,val_loss,test_loss,tr_mae,val_mae,test_mae,tr_directional_accuracy_pct,val_directional_accuracy_pct,test_directional_accuracy_pct,tr_undershooting_pct,val_undershooting_pct,test_undershooting_pct,seconds,model_path
4,0,0.5023862851187234,0.499233415909076,0.43073573382974756,0.5517877981166047,0.5529267710203701,0.5165514086208823,76.4947053874496,75.18378851268882,70.49177135066705,-0.001149351568334653,-0.0018528987496441794,-0.0012755607663653783,151.60318303108215,/orcd/home/002/corte911/code/finNN_code/src/volatility/experiments/exp_220_lstm_100_sgd_v4/trial_000_004/fold_000/model_best.pt
