trial,fold,tr_loss,val_loss,test_loss,tr_mae,val_mae,test_mae,tr_directional_accuracy_pct,val_directional_accuracy_pct,test_directional_accuracy_pct,tr_undershooting_pct,val_undershooting_pct,test_undershooting_pct,seconds,model_path
16,0,0.4650208206480963,0.46750096097052474,0.4104650925233969,0.5323473206336672,0.5356375828216828,0.5045975730650889,77.30076300443878,76.13306852736368,71.50771518869678,-0.0014116925128588266,-0.0021019506133523893,-0.0015832756832416801,151.6147027015686,/orcd/home/002/corte911/code/finNN_code/src/volatility/experiments/exp_220_lstm_100_sgd_v4/trial_000_016/fold_000/model_best.pt
