trial,fold,tr_loss,val_loss,test_loss,tr_mae,val_mae,test_mae,tr_directional_accuracy_pct,val_directional_accuracy_pct,test_directional_accuracy_pct,tr_undershooting_pct,val_undershooting_pct,test_undershooting_pct,seconds,model_path
18,0,0.42683251108432646,0.4237560768297972,0.37984632069723523,0.5089903594874199,0.5059664751441663,0.4831605746471065,78.34187240709043,77.81714983173298,73.28765304225426,-0.00040009742741962576,-0.0007665746198834805,-0.0004347701211268565,254.63776683807373,/orcd/home/002/corte911/code/finNN_code/src/volatility/experiments/exp_169_cnn_100_muon_icml_3/trial_000_018/fold_000/model_best.pt
