trial,fold,tr_loss,val_loss,test_loss,tr_mae,val_mae,test_mae,tr_directional_accuracy_pct,val_directional_accuracy_pct,test_directional_accuracy_pct,tr_undershooting_pct,val_undershooting_pct,test_undershooting_pct,seconds,model_path
9,0,0.6826123250730528,0.6929287893102197,0.5796226231693395,0.6588036776478502,0.6718729974178304,0.612594644665736,72.30932141924627,69.04257120482012,65.04820333041192,-0.004468545254100835,-0.005257713156689308,-0.005153762216620084,150.38637161254883,/orcd/home/002/corte911/code/finNN_code/src/volatility/experiments/exp_219_lstm_100_sgd_v3/trial_000_009/fold_000/model_best.pt
