trial,fold,tr_loss,val_loss,test_loss,tr_mae,val_mae,test_mae,tr_directional_accuracy_pct,val_directional_accuracy_pct,test_directional_accuracy_pct,tr_undershooting_pct,val_undershooting_pct,test_undershooting_pct,seconds,model_path
45,0,0.4331716245598026,0.4282059547172621,0.38381260051136223,0.5119574547793397,0.5073012910035126,0.48459442462599817,78.21277089558734,77.69544726574902,73.12157508476527,0.0002076126216386095,-0.00031215381697672343,0.00017294727438579526,529.0476474761963,/orcd/home/002/corte911/code/finNN_code/src/volatility/experiments/exp_168_cnn_100_muon_icml_2/trial_000_045/fold_000/model_best.pt
