trial,fold,tr_loss,val_loss,test_loss,tr_mae,val_mae,test_mae,tr_directional_accuracy_pct,val_directional_accuracy_pct,test_directional_accuracy_pct,tr_undershooting_pct,val_undershooting_pct,test_undershooting_pct,seconds,model_path
0,0,0.05183489849182291,0.055167818459620335,0.047604868043483066,0.17679537743913526,0.18231278323772934,0.17052067967838358,90.45506645547015,88.77624289503231,86.57390408338635,-0.0014536638539300935,-0.0019091290614940105,-0.0012514411060520893,911.5101990699768,/orcd/home/002/corte911/code/finNN_code/src/volatility/experiments/exp_232_lstm_100_adam_snr/trial_20260219_035606/fold_000/model_best.pt
