trial,fold,tr_loss,val_loss,test_loss,tr_mae,val_mae,test_mae,tr_directional_accuracy_pct,val_directional_accuracy_pct,test_directional_accuracy_pct,tr_undershooting_pct,val_undershooting_pct,test_undershooting_pct,seconds,model_path
0,0,0.43087758162586814,0.42221687923184104,0.3789955522538135,0.5116483115093,0.5053419707235052,0.48217530029562716,78.23226667440309,77.86671276077861,73.33368744411689,-0.000160623675431065,-0.0008136625373651722,-0.00019821283568950446,1188.5296761989594,/orcd/home/002/corte911/code/finNN_code/src/volatility/experiments/exp_212_transformer_100_muon_seeds/trial_20260126_031110/fold_000/model_best.pt
