trial,fold,tr_loss,val_loss,test_loss,tr_mae,val_mae,test_mae,tr_directional_accuracy_pct,val_directional_accuracy_pct,test_directional_accuracy_pct,tr_undershooting_pct,val_undershooting_pct,test_undershooting_pct,seconds,model_path
0,0,0.42784532909743445,0.4227504613394644,0.3792898483093225,0.5093567333317165,0.5049350682464501,0.48221609435931956,78.34947343990252,77.88823118548882,73.32394939756902,4.762887000179902e-05,-0.0005594799870462829,-4.5776682731879607e-05,314.54821848869324,/orcd/home/002/corte911/code/finNN_code/src/volatility/experiments/exp_204_cnn_100_muon_seeds/trial_20260126_014247/fold_000/model_best.pt
