fold,OLS_train,OLS_val,OLS_test,OLS_train_diracc,OLS_val_diracc,OLS_test_diracc,OLS_train_us,OLS_val_us,OLS_test_us,OLS_alpha_train,OLS_beta_train,OLS_r2_train,OLS_alpha,OLS_beta,OLS_r2_test,var_train,var_val,var_test,LASSO_train,LASSO_val,LASSO_test,LASSO_train_diracc,LASSO_val_diracc,LASSO_test_diracc,LASSO_alpha_train,LASSO_beta_train,LASSO_r2_train,LASSO_alpha,LASSO_beta,LASSO_r2_test,LASSO_train_us,LASSO_val_us,LASSO_test_us,NN_train,NN_val,NN_test,NN_train_diracc,NN_val_diracc,NN_test_diracc,NN_alpha_train,NN_beta_train,NN_r2_train,NN_alpha,NN_beta,NN_r2_test,NN_train_us,NN_val_us,NN_test_us,normalized
0,0.9960615240542022,,1.0035242753767468,51.929273544518374,,50.09568403908795,50.38954527175269,,50.827225841476654,3.469446951953614e-18,1.0,0.00393847594579777,0.0010459493307259258,0.04651606407420116,8.406705884977939e-06,1.0,,1.1874355265990977,1.0,,1.0000009471453926,0.0,,0.0,3.469446951953614e-18,0.0,0.0,0.0010605065241752103,0.0,-2.220446049250313e-16,50.29791750446685,,50.74443539630836,1.0000008201010775,,1.0000000202097628,50.29791750446685,,50.74443539630836,4.336808689942018e-18,-4.235164736271502e-21,0.0,0.0010605056544533836,9.603879000025613e-07,-2.220446049250313e-16,50.250703752157065,,50.71593376764386,True
