trial,fold,tr_loss,val_loss,test_loss,tr_mae,val_mae,test_mae,tr_directional_accuracy_pct,val_directional_accuracy_pct,test_directional_accuracy_pct,tr_undershooting_pct,val_undershooting_pct,test_undershooting_pct,seconds,model_path
47,0,0.4333149381345362,0.428361964021058,0.38334360909499543,0.5118866345201032,0.5070012421426607,0.48413047249859464,78.21758681714005,77.68345338968103,73.15061216901708,0.00038031146767667266,-0.00011400960547228041,0.00033166116628607255,289.7867271900177,/orcd/home/002/corte911/code/finNN_code/src/volatility/experiments/exp_168_cnn_100_muon_icml_2/trial_000_047/fold_000/model_best.pt
