trial,fold,tr_loss,val_loss,test_loss,tr_mae,val_mae,test_mae,tr_directional_accuracy_pct,val_directional_accuracy_pct,test_directional_accuracy_pct,tr_undershooting_pct,val_undershooting_pct,test_undershooting_pct,seconds,model_path
29,0,0.42659963602081646,0.42340380408895945,0.38024363601559896,0.5089074845502027,0.5058907596245068,0.48345317943070054,78.34280077751022,77.81891363703708,73.25666834869288,-0.0004195525034825046,-0.0008136106972746912,-0.0004767581507450011,348.8110263347626,/orcd/home/002/corte911/code/finNN_code/src/volatility/experiments/exp_169_cnn_100_muon_icml_3/trial_000_029/fold_000/model_best.pt
