trial,fold,tr_loss,val_loss,test_loss,tr_mae,val_mae,test_mae,tr_directional_accuracy_pct,val_directional_accuracy_pct,test_directional_accuracy_pct,tr_undershooting_pct,val_undershooting_pct,test_undershooting_pct,seconds,model_path
0,0,0.14863239871808456,0.15445589944795965,0.12012626851717788,0.295544055713413,0.3068006066239396,0.2706463555035508,84.28356477523523,81.0419594302642,78.65549805055484,-0.0015670012082842184,-0.0018865543924483405,-0.0009467424122315115,146.04029440879822,/orcd/home/002/corte911/code/finNN_code/src/volatility/experiments/exp_227_cnn_100_muon_snr/trial_20260219_002359/fold_000/model_best.pt
