trial,fold,tr_loss,val_loss,test_loss,tr_mae,val_mae,test_mae,tr_directional_accuracy_pct,val_directional_accuracy_pct,test_directional_accuracy_pct,tr_undershooting_pct,val_undershooting_pct,test_undershooting_pct,seconds,model_path
1,0,0.593448925721275,0.5707217334203083,0.45885800238177354,0.5974174341607223,0.5925153677221259,0.5315584563418752,74.94989700890656,73.50376396051898,69.51318620030277,2.9795989966993596e-05,-0.001136517826907752,2.6573773079829253e-05,150.49415159225464,/orcd/home/002/corte911/code/finNN_code/src/volatility/experiments/exp_219_lstm_100_sgd_v3/trial_000_001/fold_000/model_best.pt
