trial,fold,tr_loss,val_loss,test_loss,tr_mae,val_mae,test_mae,tr_directional_accuracy_pct,val_directional_accuracy_pct,test_directional_accuracy_pct,tr_undershooting_pct,val_undershooting_pct,test_undershooting_pct,seconds,model_path
0,0,0.11025684909783892,0.11920742020477605,0.09389185957458257,0.25359821001231225,0.26648712244330097,0.23768565183498555,86.74915099972905,83.86669832730614,81.56428554949746,-0.0016803732751598654,-0.0017616590173304496,-0.0010667026727738246,191.49457478523254,/orcd/home/002/corte911/code/finNN_code/src/volatility/experiments/exp_227_cnn_100_muon_snr/trial_20260219_000623/fold_000/model_best.pt
