trial,fold,tr_loss,val_loss,test_loss,tr_mae,val_mae,test_mae,tr_directional_accuracy_pct,val_directional_accuracy_pct,test_directional_accuracy_pct,tr_undershooting_pct,val_undershooting_pct,test_undershooting_pct,seconds,model_path
7,0,0.4370830310046398,0.4261796159938511,0.38265972718601604,0.5142595379662931,0.505571474262057,0.4831516851350656,78.1968725521483,77.84854556614623,73.27915438344886,0.0005991172688848933,-7.305000460453411e-05,0.0005743673603070289,185.75535607337952,/orcd/home/002/corte911/code/finNN_code/src/volatility/experiments/exp_020_cnn_100_search/trial_000_007/fold_000/model_best.pt
