trial,fold,tr_loss,val_loss,test_loss,tr_mae,val_mae,test_mae,tr_directional_accuracy_pct,val_directional_accuracy_pct,test_directional_accuracy_pct,tr_undershooting_pct,val_undershooting_pct,test_undershooting_pct,seconds,model_path
0,0,0.46976857618589885,0.4727230855121192,0.4025240030958326,0.5378806617619727,0.5433201373940945,0.5009561825425873,77.32304389451392,76.5770183224095,72.0546392939031,-0.0019959238256223003,-0.003378404798329994,-0.0021908549446510396,858.6501441001892,/orcd/home/002/corte911/code/finNN_code/src/volatility/experiments/exp_213_lstm_100_sgd_seeds/trial_20260126_045514/fold_000/model_best.pt
