trial,fold,tr_loss,val_loss,test_loss,tr_mae,val_mae,test_mae,tr_directional_accuracy_pct,val_directional_accuracy_pct,test_directional_accuracy_pct,tr_undershooting_pct,val_undershooting_pct,test_undershooting_pct,seconds,model_path
4,0,0.4382532648874355,0.4304753950678874,0.3828514264451574,0.5149569289303658,0.5085270267438908,0.48316158052576047,78.1253880298239,77.79069275217124,73.17539992386618,0.0003170284473324345,-0.00027752821098902885,0.00045718286970337777,863.4333209991455,/orcd/home/002/corte911/code/finNN_code/src/volatility/experiments/exp_046_lstm_100_muon_test/trial_000_004/fold_000/model_best.pt
