trial,fold,tr_loss,val_loss,test_loss,tr_mae,val_mae,test_mae,tr_directional_accuracy_pct,val_directional_accuracy_pct,test_directional_accuracy_pct,tr_undershooting_pct,val_undershooting_pct,test_undershooting_pct,seconds,model_path
10,0,0.46606489261726913,0.4672172216409141,0.41355021006725895,0.5362045953259178,0.5400359958643864,0.5096415859404739,76.88404073225217,75.84468636014083,71.14386635859029,-0.0026914791842416394,-0.0033615995572360315,-0.0029551890326989538,151.70778918266296,/orcd/home/002/corte911/code/finNN_code/src/volatility/experiments/exp_220_lstm_100_sgd_v4/trial_000_010/fold_000/model_best.pt
